Time,Xg,Yg,Zg,Xg_high,Yg_high,Zg_high,Pressure,Temperature,Altitude,BNO_X,BNO_Y,BNO_Z,BNO_I,BNO_J,BNO_K,BNO_Real,State,Airbrake_pct,Airbrake_dir,Predicted_Apogee,Cd_Add_Cmd,I2C_Fallback,I2C_FailCount,Potentiometer,Velocity,Target_Cd_Raw,Apo_No_Brakes,Apo_Max_Brakes,Armed,Max_Al
titude,Max_Velocity,Max_Accel_g,Ignition_Time_ms,Apogee_Time_ms
25373,0.30,-0.05,0.94,0.15,0.05,1.03,1009.80,49.74,0.00,0.00,0.00,0.00,0.0000,0.0000,0.0000,0.0000,IDLE,0.0,1,0.00,0.0000,0,0,0,0.00,0.0000,0.0,0.0,0,0.0,0.0,1.03,0,0
25421,0.30,-0.04,0.94,0.20,0.00,0.98,1009.81,49.75,0.00,0.00,0.00,0.00,0.0000,0.0000,0.0000,0.0000,IDLE,0.0,1,0.00,0.0000,0,0,0,0.00,0.0000,0.0,0.0,0,0.0,0.0,1.03,0,0
25472,0.30,-0.05,0.94,0.20,0.05,0.98,1009.84,49.74,0.00,0.00,0.00,0.00,0.0000,0.0000,0.0000,0.0000,IDLE,0.0,1,0.00,0.0000,0,0,0,0.00,0.0000,0.0,0.0,0,0.0,0.0,1.03,0,0
25522,0.30,-0.05,0.94,0.20,0.05,1.03,1009.85,49.75,0.00,0.00,0.00,0.00,0.0000,0.0000,0.0000,0.0000,IDLE,0.0,1,0.00,0.0000,0,0,0,0.00,0.0000,0.0,0.0,0,0.0,0.0,1.03,0,0
25572,0.30,-0.05,0.94,0.20,0.00,0.98,1009.87,49.74,0.00,0.00,0.00,0.00,0.0000,0.0000,0.0000,0.0000,IDLE,0.0,1,0.00,0.0000,0,0,0,0.00,0.0000,0.0,0.0,0,0.0,0.0,1.03,0,0
25622,0.31,-0.05,0.94,0.20,0.00,0.98,1009.85,49.75,0.00,0.00,0.00,0.00,0.0000,0.0000,0.0000,0.0000,IDLE,0.0,1,0.00,0.0000,0,0,0,0.00,0.0000,0.0,0.0,0,0.0,0.0,1.03,0,0
25672,0.30,-0.04,0.94,0.20,0.05,1.08,1009.79,49.74,0.00,0.00,0.00,0.00,0.0000,0.0000,0.0000,0.0000,IDLE,0.0,1,0.00,0.0000,0,0,0,0.00,0.0000,0.0,0.0,0,0.0,0.0,1.08,0,0
25722,0.30,-0.05,0.94,0.20,0.05,1.03,1009.81,49.74,0.00,0.00,0.00,0.00,0.0000,0.0000,0.0000,0.0000,IDLE,0.0,1,0.00,0.0000,0,0,0,0.00,0.0000,0.0,0.0,0,0.0,0.0,1.08,0,0
25772,0.30,-0.05,0.94,0.20,0.05,1.03,1009.86,49.74,0.00,0.00,0.00,0.00,0.0000,0.0000,0.0000,0.0000,IDLE,0.0,1,0.00,0.0000,0,0,0,0.00,0.0000,0.0,0.0,0,0.0,0.0,1.08,0,0
25822,0.30,-0.05,0.94,0.20,0.05,0.98,1009.85,49.74,0.00,0.00,0.00,0.00,0.0000,0.0000,0.0000,0.0000,IDLE,0.0,1,0.00,0.0000,0,0,0,0.00,0.0000,0.0,0.0,0,0.0,0.0,1.08,0,0
25872,0.31,-0.05,0.94,0.24,0.00,0.98,1009.84,49.74,0.00,0.00,0.00,0.00,0.0000,0.0000,0.0000,0.0000,IDLE,0.0,1,0.00,0.0000,0,0,0,0.00,0.0000,0.0,0.0,0,0.0,0.0,1.08,0,0
25922,0.30,-0.04,0.94,0.20,0.05,0.98,1009.88,49.74,0.00,0.00,0.00,0.00,0.0000,0.0000,0.0000,0.0000,IDLE,0.0,1,0.00,0.0000,0,0,0,0.00,0.0000,0.0,0.0,0,0.0,0.0,1.08,0,0
25972,0.31,-0.05,0.94,0.20,0.00,0.98,1009.87,49.74,0.00,0.00,0.00,0.00,0.0000,0.0000,0.0000,0.0000,IDLE,0.0,1,0.00,0.0000,0,0,0,0.00,0.0000,0.0,0.0,0,0.0,0.0,1.08,0,0
26022,0.31,-0.05,0.94,0.15,0.00,0.98,1009.87,49.74,0.00,0.00,0.00,0.00,0.0000,0.0000,0.0000,0.0000,IDLE,0.0,1,0.00,0.0000,0,0,0,0.00,0.0000,0.0,0.0,0,0.0,0.0,1.08,0,0
26072,0.30,-0.05,0.94,0.15,0.05,0.98,1009.89,49.75,0.00,0.00,0.00,0.00,0.0000,0.0000,0.0000,0.0000,IDLE,0.0,1,0.00,0.0000,0,0,0,0.00,0.0000,0.0,0.0,0,0.0,0.0,1.08,0,0
26122,0.30,-0.05,0.94,0.15,0.05,0.93,1009.87,49.74,0.00,0.00,0.00,0.00,0.0000,0.0000,0.0000,0.0000,IDLE,0.0,1,0.00,0.0000,0,0,0,0.00,0.0000,0.0,0.0,0,0.0,0.0,1.08,0,0
26172,0.31,-0.05,0.95,0.20,0.05,0.98,1009.86,49.74,0.00,0.00,0.00,0.00,0.0000,0.0000,0.0000,0.0000,IDLE,0.0,1,0.00,0.0000,0,0,0,0.00,0.0000,0.0,0.0,0,0.0,0.0,1.08,0,0
26222,0.30,-0.05,0.94,0.15,0.05,1.03,1009.86,49.74,0.00,0.00,0.00,0.00,0.0000,0.0000,0.0000,0.0000,IDLE,0.0,1,0.00,0.0000,0,0,0,0.00,0.0000,0.0,0.0,0,0.0,0.0,1.08,0,0
26272,0.30,-0.05,0.94,0.15,0.05,0.93,1009.84,49.74,0.00,0.00,0.00,0.00,0.0000,0.0000,0.0000,0.0000,IDLE,0.0,1,0.00,0.0000,0,0,0,0.00,0.0000,0.0,0.0,0,0.0,0.0,1.08,0,0
26322,0.30,-0.05,0.94,0.20,0.05,0.98,1009.89,49.74,0.00,0.00,0.00,0.00,0.0000,0.0000,0.0000,0.0000,IDLE,0.0,1,0.00,0.0000,0,0,0,0.00,0.0000,0.0,0.0,0,0.0,0.0,1.08,0,0
26372,0.31,-0.06,0.94,0.10,0.05,1.03,1009.82,49.75,0.00,0.00,0.00,0.00,0.0000,0.0000,0.0000,0.0000,IDLE,0.0,1,0.00,0.0000,0,0,0,0.00,0.0000,0.0,0.0,0,0.0,0.0,1.08,0,0
26422,0.31,-0.05,0.94,0.15,0.05,0.98,1009.86,49.74,0.00,0.00,0.00,0.00,0.0000,0.0000,0.0000,0.0000,IDLE,0.0,1,0.00,0.0000,0,0,0,0.00,0.0000,0.0,0.0,0,0.0,0.0,1.08,0,0
26472,0.31,-0.05,0.94,0.20,0.00,0.98,1009.83,49.74,0.00,0.00,0.00,0.00,0.0000,0.0000,0.0000,0.0000,IDLE,0.0,1,0.00,0.0000,0,0,0,0.00,0.0000,0.0,0.0,0,0.0,0.0,1.08,0,0
26522,0.30,-0.05,0.94,0.20,0.00,1.03,1009.82,49.74,0.00,0.00,0.00,0.00,0.0000,0.0000,0.0000,0.0000,IDLE,0.0,1,0.00,0.0000,0,0,0,0.00,0.0000,0.0,0.0,0,0.0,0.0,1.08,0,0
26572,0.30,-0.05,0.94,0.20,0.05,1.03,1009.89,49.75,0.00,0.00,0.00,0.00,0.0000,0.0000,0.0000,0.0000,IDLE,0.0,1,0.00,0.0000,0,0,0,0.00,0.0000,0.0,0.0,0,0.0,0.0,1.08,0,0
26622,0.30,-0.05,0.94,0.15,0.05,1.03,1009.81,49.74,0.00,0.00,0.00,0.00,0.0000,0.0000,0.0000,0.0000,IDLE,0.0,1,0.00,0.0000,0,0,0,0.00,0.0000,0.0,0.0,0,0.0,0.0,1.08,0,0
26672,0.31,-0.05,0.94,0.15,0.05,0.98,1009.87,49.74,0.00,0.00,0.00,0.00,0.0000,0.0000,0.0000,0.0000,IDLE,0.0,1,0.00,0.0000,0,0,0,0.00,0.0000,0.0,0.0,0,0.0,0.0,1.08,0,0
26722,0.30,-0.05,0.94,0.20,0.00,1.03,1009.82,49.74,0.00,0.00,0.00,0.00,0.0000,0.0000,0.0000,0.0000,IDLE,0.0,1,0.00,0.0000,0,0,0,0.00,0.0000,0.0,0.0,0,0.0,0.0,1.08,0,0
26772,0.30,-0.04,0.94,0.20,0.05,1.03,1009.83,49.73,0.00,0.00,0.00,0.00,0.0000,0.0000,0.0000,0.0000,IDLE,0.0,1,0.00,0.0000,0,0,0,0.00,0.0000,0.0,0.0,0,0.0,0.0,1.08,0,0
26822,0.31,-0.05,0.94,0.15,0.05,0.98,1009.86,49.74,0.00,0.00,0.00,0.00,0.0000,0.0000,0.0000,0.0000,IDLE,0.0,1,0.00,0.0000,0,0,0,0.00,0.0000,0.0,0.0,0,0.0,0.0,1.08,0,0
26872,0.31,-0.05,0.94,0.20,0.05,0.98,1009.88,49.74,0.00,0.00,0.00,0.00,0.0000,0.0000,0.0000,0.0000,IDLE,0.0,1,0.00,0.0000,0,0,0,0.00,0.0000,0.0,0.0,0,0.0,0.0,1.08,0,0
26922,0.30,-0.05,0.94,0.20,0.05,0.93,1009.87,49.74,0.00,0.00,0.00,0.00,0.0000,0.0000,0.0000,0.0000,IDLE,0.0,1,0.00,0.0000,0,0,0,0.00,0.0000,0.0,0.0,0,0.0,0.0,1.08,0,0
26972,0.30,-0.05,0.94,0.20,0.05,0.98,1009.82,49.74,0.00,0.00,0.00,0.00,0.0000,0.0000,0.0000,0.0000,IDLE,0.0,1,0.00,0.0000,0,0,0,0.00,0.0000,0.0,0.0,0,0.0,0.0,1.08,0,0
27022,0.31,-0.05,0.94,0.20,0.05,0.98,1009.84,49.74,0.00,0.00,0.00,0.00,0.0000,0.0000,0.0000,0.0000,IDLE,0.0,1,0.00,0.0000,0,0,0,0.00,0.0000,0.0,0.0,0,0.0,0.0,1.08,0,0
27072,0.30,-0.04,0.94,0.24,0.05,1.03,1009.83,49.74,0.00,0.00,0.00,0.00,0.0000,0.0000,0.0000,0.0000,IDLE,0.0,1,0.00,0.0000,0,0,0,0.00,0.0000,0.0,0.0,0,0.0,0.0,1.08,0,0
27122,0.30,-0.06,0.94,0.20,0.05,1.03,1009.86,49.74,0.00,0.00,0.00,0.00,0.0000,0.0000,0.0000,0.0000,IDLE,0.0,1,0.00,0.0000,0,0,0,0.00,0.0000,0.0,0.0,0,0.0,0.0,1.08,0,0
27172,0.30,-0.05,0.94,0.20,0.05,0.98,1009.81,49.73,0.00,0.00,0.00,0.00,0.0000,0.0000,0.0000,0.0000,IDLE,0.0,1,0.00,0.0000,0,0,0,0.00,0.0000,0.0,0.0,0,0.0,0.0,1.08,0,0
27222,0.31,-0.05,0.93,0.15,0.05,1.03,1009.82,49.74,0.00,0.00,0.00,0.00,0.0000,0.0000,0.0000,0.0000,IDLE,0.0,1,0.00,0.0000,0,0,0,0.00,0.0000,0.0,0.0,0,0.0,0.0,1.08,0,0
27272,0.31,-0.05,0.94,0.15,0.05,1.03,1009.86,49.73,0.00,0.00,0.00,0.00,0.0000,0.0000,0.0000,0.0000,IDLE,0.0,1,0.00,0.0000,0,0,0,0.00,0.0000,0.0,0.0,0,0.0,0.0,1.08,0,0
27322,0.30,-0.05,0.94,0.20,0.05,1.03,1009.85,49.73,0.00,0.00,0.00,0.00,0.0000,0.0000,0.0000,0.0000,IDLE,0.0,1,0.00,0.0000,0,0,0,0.00,0.0000,0.0,0.0,0,0.0,0.0,1.08,0,0
27372,0.31,-0.05,0.94,0.20,0.00,0.98,1009.82,49.74,0.00,0.00,0.00,0.00,0.0000,0.0000,0.0000,0.0000,IDLE,0.0,1,0.00,0.0000,0,0,0,0.00,0.0000,0.0,0.0,0,0.0,0.0,1.08,0,0
27422,0.30,-0.05,0.94,0.15,0.05,1.03,1009.85,49.74,0.00,0.00,0.00,0.00,0.0000,0.0000,0.0000,0.0000,IDLE,0.0,1,0.00,0.0000,0,0,0,0.00,0.0000,0.0,0.0,0,0.0,0.0,1.08,0,0
27472,0.30,-0.04,0.94,0.15,0.05,0.93,1009.78,49.73,0.00,0.00,0.00,0.00,0.0000,0.0000,0.0000,0.0000,IDLE,0.0,1,0.00,0.0000,0,0,0,0.00,0.0000,0.0,0.0,0,0.0,0.0,1.08,0,0
27522,0.30,-0.05,0.94,0.20,0.05,0.98,1009.79,49.74,0.00,0.00,0.00,0.00,0.0000,0.0000,0.0000,0.0000,IDLE,0.0,1,0.00,0.0000,0,0,0,0.00,0.0000,0.0,0.0,0,0.0,0.0,1.08,0,0
27572,0.30,-0.05,0.94,0.20,0.05,1.03,1009.84,49.73,0.00,0.00,0.00,0.00,0.0000,0.0000,0.0000,0.0000,IDLE,0.0,1,0.00,0.0000,0,0,0,0.00,0.0000,0.0,0.0,0,0.0,0.0,1.08,0,0
27622,0.31,-0.05,0.94,0.15,0.05,1.03,1009.86,49.73,0.00,0.00,0.00,0.00,0.0000,0.0000,0.0000,0.0000,IDLE,0.0,1,0.00,0.0000,0,0,0,0.00,0.0000,0.0,0.0,0,0.0,0.0,1.08,0,0
27672,0.30,-0.05,0.94,0.15,0.05,0.98,1009.84,49.73,0.00,0.00,0.00,0.00,0.0000,0.0000,0.0000,0.0000,IDLE,0.0,1,0.00,0.0000,0,0,0,0.00,0.0000,0.0,0.0,0,0.0,0.0,1.08,0,0
27722,0.31,-0.05,0.94,0.15,0.05,0.98,1009.83,49.73,0.00,0.00,0.00,0.00,0.0000,0.0000,0.0000,0.0000,IDLE,0.0,1,0.00,0.0000,0,0,0,0.00,0.0000,0.0,0.0,0,0.0,0.0,1.08,0,0
27772,0.30,-0.05,0.94,0.20,0.00,0.98,1009.85,49.73,0.00,0.00,0.00,0.00,0.0000,0.0000,0.0000,0.0000,IDLE,0.0,1,0.00,0.0000,0,0,0,0.00,0.0000,0.0,0.0,0,0.0,0.0,1.08,0,0
27822,0.30,-0.05,0.94,0.20,0.05,0.98,1009.86,49.73,0.00,0.00,0.00,0.00,0.0000,0.0000,0.0000,0.0000,IDLE,0.0,1,0.00,0.0000,0,0,0,0.00,0.0000,0.0,0.0,0,0.0,0.0,1.08,0,0
27872,0.31,-0.05,0.94,0.15,0.05,1.03,1009.83,49.73,0.00,0.00,0.00,0.00,0.0000,0.0000,0.0000,0.0000,IDLE,0.0,1,0.00,0.0000,0,0,0,0.00,0.0000,0.0,0.0,0,0.0,0.0,1.08,0,0
27922,0.31,-0.05,0.94,0.20,0.00,0.98,1009.88,49.72,0.00,0.00,0.00,0.00,0.0000,0.0000,0.0000,0.0000,IDLE,0.0,1,0.00,0.0000,0,0,0,0.00,0.0000,0.0,0.0,0,0.0,0.0,1.08,0,0
27972,0.31,-0.05,0.94,0.20,0.05,0.98,1009.83,49.73,0.00,0.00,0.00,0.00,0.0000,0.0000,0.0000,0.0000,IDLE,0.0,1,0.00,0.0000,0,0,0,0.00,0.0000,0.0,0.0,0,0.0,0.0,1.08,0,0
28022,0.30,-0.05,0.94,0.20,0.05,1.03,1009.81,49.73,0.00,0.00,0.00,0.00,0.0000,0.0000,0.0000,0.0000,IDLE,0.0,1,0.00,0.0000,0,0,0,0.00,0.0000,0.0,0.0,0,0.0,0.0,1.08,0,0
28072,0.30,-0.05,0.94,0.20,0.00,1.03,1009.84,49.73,0.00,0.00,0.00,0.00,0.0000,0.0000,0.0000,0.0000,IDLE,0.0,1,0.00,0.0000,0,0,0,0.00,0.0000,0.0,0.0,0,0.0,0.0,1.08,0,0
28122,0.31,-0.05,0.94,0.15,0.05,0.98,1009.83,49.72,0.00,0.00,0.00,0.00,0.0000,0.0000,0.0000,0.0000,IDLE,0.0,1,0.00,0.0000,0,0,0,0.00,0.0000,0.0,0.0,0,0.0,0.0,1.08,0,0
28172,0.30,-0.05,0.95,0.20,0.05,0.98,1009.80,49.73,0.00,0.00,0.00,0.00,0.0000,0.0000,0.0000,0.0000,IDLE,0.0,1,0.00,0.0000,0,0,0,0.00,0.0000,0.0,0.0,0,0.0,0.0,1.08,0,0
28222,0.30,-0.05,0.94,0.20,0.05,0.98,1009.83,49.73,0.00,0.00,0.00,0.00,0.0000,0.0000,0.0000,0.0000,IDLE,0.0,1,0.00,0.0000,0,0,0,0.00,0.0000,0.0,0.0,0,0.0,0.0,1.08,0,0
28272,0.31,-0.04,0.94,0.20,0.05,0.98,1009.84,49.73,0.00,0.00,0.00,0.00,0.0000,0.0000,0.0000,0.0000,IDLE,0.0,1,0.00,0.0000,0,0,0,0.00,0.0000,0.0,0.0,0,0.0,0.0,1.08,0,0
28322,0.30,-0.05,0.94,0.24,0.05,1.03,1009.84,49.73,0.00,0.00,0.00,0.00,0.0000,0.0000,0.0000,0.0000,IDLE,0.0,1,0.00,0.0000,0,0,0,0.00,0.0000,0.0,0.0,0,0.0,0.0,1.08,0,0
28372,0.31,-0.05,0.94,0.20,0.00,1.08,1009.81,49.72,0.00,0.00,0.00,0.00,0.0000,0.0000,0.0000,0.0000,IDLE,0.0,1,0.00,0.0000,0,0,0,0.00,0.0000,0.0,0.0,0,0.0,0.0,1.08,0,0
28421,0.31,-0.05,0.94,0.20,0.05,0.93,1009.77,49.73,0.00,0.00,0.00,0.00,0.0000,0.0000,0.0000,0.0000,IDLE,0.0,1,0.00,0.0000,0,0,0,0.00,0.0000,0.0,0.0,0,0.0,0.0,1.08,0,0
28472,0.31,-0.05,0.94,0.20,0.05,1.03,1009.83,49.72,0.00,0.00,0.00,0.00,0.0000,0.0000,0.0000,0.0000,IDLE,0.0,1,0.00,0.0000,0,0,0,0.00,0.0000,0.0,0.0,0,0.0,0.0,1.08,0,0
28522,0.31,-0.05,0.94,0.20,0.00,0.98,1009.83,49.72,0.00,0.00,0.00,0.00,0.0000,0.0000,0.0000,0.0000,IDLE,0.0,1,0.00,0.0000,0,0,0,0.00,0.0000,0.0,0.0,0,0.0,0.0,1.08,0,0
28572,0.30,-0.04,0.94,0.20,0.05,0.98,1009.83,49.73,0.00,0.00,0.00,0.00,0.0000,0.0000,0.0000,0.0000,IDLE,0.0,1,0.00,0.0000,0,0,0,0.00,0.0000,0.0,0.0,0,0.0,0.0,1.08,0,0
28622,0.31,-0.05,0.94,0.15,0.05,1.08,1009.84,49.72,0.00,0.00,0.00,0.00,0.0000,0.0000,0.0000,0.0000,IDLE,0.0,1,0.00,0.0000,0,0,0,0.00,0.0000,0.0,0.0,0,0.0,0.0,1.08,0,0
28672,0.31,-0.05,0.94,0.20,0.05,1.03,1009.75,49.73,0.00,0.00,0.00,0.00,0.0000,0.0000,0.0000,0.0000,IDLE,0.0,1,0.00,0.0000,0,0,0,0.00,0.0000,0.0,0.0,0,0.0,0.0,1.08,0,0
28722,0.31,-0.05,0.94,0.20,0.00,1.03,1009.84,49.72,0.00,0.00,0.00,0.00,0.0000,0.0000,0.0000,0.0000,IDLE,0.0,1,0.00,0.0000,0,0,0,0.00,0.0000,0.0,0.0,0,0.0,0.0,1.08,0,0
28772,0.31,-0.05,0.94,0.20,0.05,1.03,1009.87,49.73,0.00,0.00,0.00,0.00,0.0000,0.0000,0.0000,0.0000,IDLE,0.0,1,0.00,0.0000,0,0,0,0.00,0.0000,0.0,0.0,0,0.0,0.0,1.08,0,0
28822,0.31,-0.05,0.94,0.20,0.00,0.98,1009.82,49.72,0.00,0.00,0.00,0.00,0.0000,0.0000,0.0000,0.0000,IDLE,0.0,1,0.00,0.0000,0,0,0,0.00,0.0000,0.0,0.0,0,0.0,0.0,1.08,0,0
28872,0.31,-0.05,0.94,0.15,0.05,0.98,1009.83,49.72,0.00,0.00,0.00,0.00,0.0000,0.0000,0.0000,0.0000,IDLE,0.0,1,0.00,0.0000,0,0,0,0.00,0.0000,0.0,0.0,0,0.0,0.0,1.08,0,0
28922,0.31,-0.05,0.94,0.20,0.05,0.98,1009.86,49.72,0.00,0.00,0.00,0.00,0.0000,0.0000,0.0000,0.0000,IDLE,0.0,1,0.00,0.0000,0,0,0,0.00,0.0000,0.0,0.0,0,0.0,0.0,1.08,0,0
28972,0.31,-0.05,0.94,0.15,0.00,1.03,1009.87,49.72,0.00,0.00,0.00,0.00,0.0000,0.0000,0.0000,0.0000,IDLE,0.0,1,0.00,0.0000,0,0,0,0.00,0.0000,0.0,0.0,0,0.0,0.0,1.08,0,0
29022,0.30,-0.05,0.94,0.20,0.05,1.03,1009.81,49.72,0.00,0.00,0.00,0.00,0.0000,0.0000,0.0000,0.0000,IDLE,0.0,1,0.00,0.0000,0,0,0,0.00,0.0000,0.0,0.0,0,0.0,0.0,1.08,0,0
29072,0.30,-0.05,0.94,0.20,0.05,0.98,1009.84,49.72,0.00,0.00,0.00,0.00,0.0000,0.0000,0.0000,0.0000,IDLE,0.0,1,0.00,0.0000,0,0,0,0.00,0.0000,0.0,0.0,0,0.0,0.0,1.08,0,0
29122,0.30,-0.05,0.94,0.20,0.05,0.98,1009.81,49.72,0.00,0.00,0.00,0.00,0.0000,0.0000,0.0000,0.0000,IDLE,0.0,1,0.00,0.0000,0,0,0,0.00,0.0000,0.0,0.0,0,0.0,0.0,1.08,0,0
29172,0.30,-0.06,0.94,0.15,0.05,1.03,1009.82,49.72,0.00,0.00,0.00,0.00,0.0000,0.0000,0.0000,0.0000,IDLE,0.0,1,0.00,0.0000,0,0,0,0.00,0.0000,0.0,0.0,0,0.0,0.0,1.08,0,0
29222,0.30,-0.05,0.94,0.20,0.00,1.03,1009.84,49.72,0.00,0.00,0.00,0.00,0.0000,0.0000,0.0000,0.0000,IDLE,0.0,1,0.00,0.0000,0,0,0,0.00,0.0000,0.0,0.0,0,0.0,0.0,1.08,0,0
29272,0.30,-0.05,0.94,0.15,0.05,0.98,1009.80,49.72,0.00,0.00,0.00,0.00,0.0000,0.0000,0.0000,0.0000,IDLE,0.0,1,0.00,0.0000,0,0,0,0.00,0.0000,0.0,0.0,0,0.0,0.0,1.08,0,0
29322,0.30,-0.04,0.94,0.24,0.05,1.03,1009.85,49.72,0.00,0.00,0.00,0.00,0.0000,0.0000,0.0000,0.0000,IDLE,0.0,1,0.00,0.0000,0,0,0,0.00,0.0000,0.0,0.0,0,0.0,0.0,1.08,0,0
29372,0.31,-0.05,0.95,0.20,0.05,0.98,1009.86,49.71,0.00,0.00,0.00,0.00,0.0000,0.0000,0.0000,0.0000,IDLE,0.0,1,0.00,0.0000,0,0,0,0.00,0.0000,0.0,0.0,0,0.0,0.0,1.08,0,0
29422,0.31,-0.05,0.94,0.15,0.05,0.98,1009.84,49.72,0.00,0.00,0.00,0.00,0.0000,0.0000,0.0000,0.0000,IDLE,0.0,1,0.00,0.0000,0,0,0,0.00,0.0000,0.0,0.0,0,0.0,0.0,1.08,0,0
29472,0.31,-0.05,0.95,0.20,0.05,0.98,1009.86,49.71,0.00,0.00,0.00,0.00,0.0000,0.0000,0.0000,0.0000,IDLE,0.0,1,0.00,0.0000,0,0,0,0.00,0.0000,0.0,0.0,0,0.0,0.0,1.08,0,0
29522,0.31,-0.05,0.94,0.20,0.05,0.98,1009.83,49.71,0.00,0.00,0.00,0.00,0.0000,0.0000,0.0000,0.0000,IDLE,0.0,1,0.00,0.0000,0,0,0,0.00,0.0000,0.0,0.0,0,0.0,0.0,1.08,0,0
29572,0.31,-0.05,0.95,0.20,0.00,1.03,1009.85,49.71,0.00,0.00,0.00,0.00,0.0000,0.0000,0.0000,0.0000,IDLE,0.0,1,0.00,0.0000,0,0,0,0.00,0.0000,0.0,0.0,0,0.0,0.0,1.08,0,0
29622,0.30,-0.05,0.94,0.15,0.10,0.98,1009.90,49.72,0.00,0.00,0.00,0.00,0.0000,0.0000,0.0000,0.0000,IDLE,0.0,1,0.00,0.0000,0,0,0,0.00,0.0000,0.0,0.0,0,0.0,0.0,1.08,0,0
29672,0.31,-0.05,0.95,0.15,0.05,0.93,1009.88,49.71,0.00,0.00,0.00,0.00,0.0000,0.0000,0.0000,0.0000,IDLE,0.0,1,0.00,0.0000,0,0,0,0.00,0.0000,0.0,0.0,0,0.0,0.0,1.08,0,0
29722,0.30,-0.05,0.94,0.15,0.10,1.03,1009.84,49.72,0.00,0.00,0.00,0.00,0.0000,0.0000,0.0000,0.0000,IDLE,0.0,1,0.00,0.0000,0,0,0,0.00,0.0000,0.0,0.0,0,0.0,0.0,1.08,0,0
29772,0.30,-0.05,0.94,0.20,0.00,0.98,1009.85,49.71,0.00,0.00,0.00,0.00,0.0000,0.0000,0.0000,0.0000,IDLE,0.0,1,0.00,0.0000,0,0,0,0.00,0.0000,0.0,0.0,0,0.0,0.0,1.08,0,0
29822,0.31,-0.06,0.94,0.20,0.05,0.98,1009.84,49.71,0.00,0.00,0.00,0.00,0.0000,0.0000,0.0000,0.0000,IDLE,0.0,1,0.00,0.0000,0,0,0,0.00,0.0000,0.0,0.0,0,0.0,0.0,1.08,0,0
29872,0.30,-0.05,0.94,0.20,0.05,0.98,1009.80,49.71,0.00,0.00,0.00,0.00,0.0000,0.0000,0.0000,0.0000,IDLE,0.0,1,0.00,0.0000,0,0,0,0.00,0.0000,0.0,0.0,0,0.0,0.0,1.08,0,0
29922,0.30,-0.05,0.94,0.24,0.00,0.98,1009.85,49.71,0.00,0.00,0.00,0.00,0.0000,0.0000,0.0000,0.0000,IDLE,0.0,1,0.00,0.0000,0,0,0,0.00,0.0000,0.0,0.0,0,0.0,0.0,1.08,0,0
29972,0.30,-0.05,0.94,0.20,0.00,1.03,1009.88,49.71,0.00,0.00,0.00,0.00,0.0000,0.0000,0.0000,0.0000,IDLE,0.0,1,0.00,0.0000,0,0,0,0.00,0.0000,0.0,0.0,0,0.0,0.0,1.08,0,0
30022,0.30,-0.04,0.94,0.15,0.05,1.03,1009.92,49.71,0.00,0.00,0.00,0.00,0.0000,0.0000,0.0000,0.0000,IDLE,0.0,1,0.00,0.0000,0,0,0,0.00,0.0000,0.0,0.0,0,0.0,0.0,1.08,0,0
30072,0.31,-0.05,0.94,0.20,0.00,0.98,1009.77,49.71,0.00,0.00,0.00,0.00,0.0000,0.0000,0.0000,0.0000,IDLE,0.0,1,0.00,0.0000,0,0,0,0.00,0.0000,0.0,0.0,0,0.0,0.0,1.08,0,0
30122,0.30,-0.05,0.94,0.20,0.05,0.98,1009.81,49.72,0.00,0.00,0.00,0.00,0.0000,0.0000,0.0000,0.0000,IDLE,0.0,1,0.00,0.0000,0,0,0,0.00,0.0000,0.0,0.0,0,0.0,0.0,1.08,0,0
30172,0.30,-0.04,0.94,0.15,0.05,1.03,1009.78,49.70,0.00,0.00,0.00,0.00,0.0000,0.0000,0.0000,0.0000,IDLE,0.0,1,0.00,0.0000,0,0,0,0.00,0.0000,0.0,0.0,0,0.0,0.0,1.08,0,0
30222,0.30,-0.05,0.94,0.15,0.00,1.03,1009.81,49.71,0.00,0.00,0.00,0.00,0.0000,0.0000,0.0000,0.0000,IDLE,0.0,1,0.00,0.0000,0,0,0,0.00,0.0000,0.0,0.0,0,0.0,0.0,1.08,0,0
30272,0.31,-0.05,0.94,0.20,0.05,1.03,1009.84,49.71,0.00,0.00,0.00,0.00,0.0000,0.0000,0.0000,0.0000,IDLE,0.0,1,0.00,0.0000,0,0,0,0.00,0.0000,0.0,0.0,0,0.0,0.0,1.08,0,0
30322,0.30,-0.05,0.94,0.15,0.05,0.98,1009.88,49.71,0.00,0.00,0.00,0.00,0.0000,0.0000,0.0000,0.0000,IDLE,0.0,1,0.00,0.0000,0,0,0,0.00,0.0000,0.0,0.0,0,0.0,0.0,1.08,0,0
30372,0.31,-0.05,0.94,0.15,0.05,0.98,1009.85,49.70,0.00,0.00,0.00,0.00,0.0000,0.0000,0.0000,0.0000,IDLE,0.0,1,0.00,0.0000,0,0,0,0.00,0.0000,0.0,0.0,0,0.0,0.0,1.08,0,0
30422,0.30,-0.05,0.94,0.20,0.00,0.98,1009.80,49.71,0.00,0.00,0.00,0.00,0.0000,0.0000,0.0000,0.0000,IDLE,0.0,1,0.00,0.0000,0,0,0,0.00,0.0000,0.0,0.0,0,0.0,0.0,1.08,0,0
30472,0.31,-0.05,0.94,0.20,0.05,1.03,1009.81,49.71,0.00,0.00,0.00,0.00,0.0000,0.0000,0.0000,0.0000,IDLE,0.0,1,0.00,0.0000,0,0,0,0.00,0.0000,0.0,0.0,0,0.0,0.0,1.08,0,0
30522,0.30,-0.05,0.94,0.15,0.05,0.98,1009.82,49.70,0.00,0.00,0.00,0.00,0.0000,0.0000,0.0000,0.0000,IDLE,0.0,1,0.00,0.0000,0,0,0,0.00,0.0000,0.0,0.0,0,0.0,0.0,1.08,0,0
30572,0.30,-0.05,0.94,0.20,0.05,0.98,1009.80,49.70,0.00,0.00,0.00,0.00,0.0000,0.0000,0.0000,0.0000,IDLE,0.0,1,0.00,0.0000,0,0,0,0.00,0.0000,0.0,0.0,0,0.0,0.0,1.08,0,0
30622,0.30,-0.05,0.94,0.20,0.00,0.98,1009.80,49.69,0.00,0.00,0.00,0.00,0.0000,0.0000,0.0000,0.0000,IDLE,0.0,1,0.00,0.0000,0,0,0,0.00,0.0000,0.0,0.0,0,0.0,0.0,1.08,0,0
30672,0.31,-0.05,0.94,0.20,0.00,0.98,1009.81,49.70,0.00,0.00,0.00,0.00,0.0000,0.0000,0.0000,0.0000,IDLE,0.0,1,0.00,0.0000,0,0,0,0.00,0.0000,0.0,0.0,0,0.0,0.0,1.08,0,0
30722,0.30,-0.05,0.94,0.15,0.05,1.03,1009.81,49.70,0.00,0.00,0.00,0.00,0.0000,0.0000,0.0000,0.0000,IDLE,0.0,1,0.00,0.0000,0,0,0,0.00,0.0000,0.0,0.0,0,0.0,0.0,1.08,0,0
30772,0.30,-0.05,0.94,0.20,0.00,0.93,1009.85,49.70,0.00,0.00,0.00,0.00,0.0000,0.0000,0.0000,0.0000,IDLE,0.0,1,0.00,0.0000,0,0,0,0.00,0.0000,0.0,0.0,0,0.0,0.0,1.08,0,0
30822,0.30,-0.05,0.94,0.15,0.05,1.03,1009.82,49.70,0.00,0.00,0.00,0.00,0.0000,0.0000,0.0000,0.0000,IDLE,0.0,1,0.00,0.0000,0,0,0,0.00,0.0000,0.0,0.0,0,0.0,0.0,1.08,0,0
30872,0.31,-0.05,0.94,0.20,0.05,0.98,1009.83,49.69,0.00,0.00,0.00,0.00,0.0000,0.0000,0.0000,0.0000,IDLE,0.0,1,0.00,0.0000,0,0,0,0.00,0.0000,0.0,0.0,0,0.0,0.0,1.08,0,0
30922,0.31,-0.04,0.94,0.20,0.05,0.98,1009.83,49.70,0.00,0.00,0.00,0.00,0.0000,0.0000,0.0000,0.0000,IDLE,0.0,1,0.00,0.0000,0,0,0,0.00,0.0000,0.0,0.0,0,0.0,0.0,1.08,0,0
30972,0.30,-0.05,0.94,0.20,0.00,0.98,1009.79,49.69,0.00,0.00,0.00,0.00,0.0000,0.0000,0.0000,0.0000,IDLE,0.0,1,0.00,0.0000,0,0,0,0.00,0.0000,0.0,0.0,0,0.0,0.0,1.08,0,0
31022,0.30,-0.04,0.94,0.20,0.05,0.98,1009.85,49.69,0.00,0.00,0.00,0.00,0.0000,0.0000,0.0000,0.0000,IDLE,0.0,1,0.00,0.0000,0,0,0,0.00,0.0000,0.0,0.0,0,0.0,0.0,1.08,0,0
31072,0.31,-0.05,0.94,0.20,0.05,1.03,1009.81,49.69,0.00,0.00,0.00,0.00,0.0000,0.0000,0.0000,0.0000,IDLE,0.0,1,0.00,0.0000,0,0,0,0.00,0.0000,0.0,0.0,0,0.0,0.0,1.08,0,0
31122,0.30,-0.05,0.94,0.20,0.00,1.03,1009.86,49.70,0.00,0.00,0.00,0.00,0.0000,0.0000,0.0000,0.0000,IDLE,0.0,1,0.00,0.0000,0,0,0,0.00,0.0000,0.0,0.0,0,0.0,0.0,1.08,0,0
31172,0.30,-0.05,0.94,0.20,0.00,0.98,1009.86,49.70,0.00,0.00,0.00,0.00,0.0000,0.0000,0.0000,0.0000,IDLE,0.0,1,0.00,0.0000,0,0,0,0.00,0.0000,0.0,0.0,0,0.0,0.0,1.08,0,0
31222,0.30,-0.05,0.94,0.24,0.05,0.98,1009.83,49.69,0.00,0.00,0.00,0.00,0.0000,0.0000,0.0000,0.0000,IDLE,0.0,1,0.00,0.0000,0,0,0,0.00,0.0000,0.0,0.0,0,0.0,0.0,1.08,0,0
31272,0.31,-0.06,0.94,0.20,0.05,0.93,1009.81,49.69,0.00,0.00,0.00,0.00,0.0000,0.0000,0.0000,0.0000,IDLE,0.0,1,0.00,0.0000,0,0,0,0.00,0.0000,0.0,0.0,0,0.0,0.0,1.08,0,0
31322,0.31,-0.05,0.94,0.20,0.00,0.98,1009.86,49.69,0.00,0.00,0.00,0.00,0.0000,0.0000,0.0000,0.0000,IDLE,0.0,1,0.00,0.0000,0,0,0,0.00,0.0000,0.0,0.0,0,0.0,0.0,1.08,0,0
31372,0.30,-0.05,0.94,0.15,0.00,1.03,1009.84,49.70,0.00,0.00,0.00,0.00,0.0000,0.0000,0.0000,0.0000,IDLE,0.0,1,0.00,0.0000,0,0,0,0.00,0.0000,0.0,0.0,0,0.0,0.0,1.08,0,0
31421,0.30,-0.05,0.94,0.24,0.05,0.98,1009.82,49.69,0.00,0.00,0.00,0.00,0.0000,0.0000,0.0000,0.0000,IDLE,0.0,1,0.00,0.0000,0,0,0,0.00,0.0000,0.0,0.0,0,0.0,0.0,1.08,0,0
31472,0.30,-0.05,0.94,0.20,0.05,1.03,1009.80,49.69,0.00,0.00,0.00,0.00,0.0000,0.0000,0.0000,0.0000,IDLE,0.0,1,0.00,0.0000,0,0,0,0.00,0.0000,0.0,0.0,0,0.0,0.0,1.08,0,0
31522,0.30,-0.05,0.94,0.20,0.05,0.98,1009.84,49.69,0.00,0.00,0.00,0.00,0.0000,0.0000,0.0000,0.0000,IDLE,0.0,1,0.00,0.0000,0,0,0,0.00,0.0000,0.0,0.0,0,0.0,0.0,1.08,0,0
31572,0.31,-0.05,0.94,0.20,0.05,1.03,1009.87,49.69,0.00,0.00,0.00,0.00,0.0000,0.0000,0.0000,0.0000,IDLE,0.0,1,0.00,0.0000,0,0,0,0.00,0.0000,0.0,0.0,0,0.0,0.0,1.08,0,0
31622,0.31,-0.05,0.94,0.20,0.05,0.98,1009.83,49.69,0.00,0.00,0.00,0.00,0.0000,0.0000,0.0000,0.0000,IDLE,0.0,1,0.00,0.0000,0,0,0,0.00,0.0000,0.0,0.0,0,0.0,0.0,1.08,0,0
31672,0.31,-0.05,0.94,0.15,0.00,1.08,1009.84,49.69,0.00,0.00,0.00,0.00,0.0000,0.0000,0.0000,0.0000,IDLE,0.0,1,0.00,0.0000,0,0,0,0.00,0.0000,0.0,0.0,0,0.0,0.0,1.08,0,0
31722,0.30,-0.05,0.94,0.15,0.05,0.98,1009.85,49.69,0.00,0.00,0.00,0.00,0.0000,0.0000,0.0000,0.0000,IDLE,0.0,1,0.00,0.0000,0,0,0,0.00,0.0000,0.0,0.0,0,0.0,0.0,1.08,0,0
31772,0.31,-0.05,0.94,0.15,0.05,0.98,1009.85,49.69,0.00,0.00,0.00,0.00,0.0000,0.0000,0.0000,0.0000,IDLE,0.0,1,0.00,0.0000,0,0,0,0.00,0.0000,0.0,0.0,0,0.0,0.0,1.08,0,0
31822,0.31,-0.05,0.94,0.24,0.00,1.03,1009.85,49.68,0.00,0.00,0.00,0.00,0.0000,0.0000,0.0000,0.0000,IDLE,0.0,1,0.00,0.0000,0,0,0,0.00,0.0000,0.0,0.0,0,0.0,0.0,1.08,0,0
31872,0.30,-0.05,0.94,0.20,0.05,0.98,1009.87,49.69,0.00,0.00,0.00,0.00,0.0000,0.0000,0.0000,0.0000,IDLE,0.0,1,0.00,0.0000,0,0,0,0.00,0.0000,0.0,0.0,0,0.0,0.0,1.08,0,0
31922,0.30,-0.05,0.94,0.20,0.00,1.03,1009.84,49.69,0.00,0.00,0.00,0.00,0.0000,0.0000,0.0000,0.0000,IDLE,0.0,1,0.00,0.0000,0,0,0,0.00,0.0000,0.0,0.0,0,0.0,0.0,1.08,0,0
31972,0.31,-0.04,0.94,0.15,0.05,1.03,1009.83,49.69,0.00,0.00,0.00,0.00,0.0000,0.0000,0.0000,0.0000,IDLE,0.0,1,0.00,0.0000,0,0,0,0.00,0.0000,0.0,0.0,0,0.0,0.0,1.08,0,0
32022,0.31,-0.05,0.94,0.20,0.05,1.08,1009.81,49.68,0.00,0.00,0.00,0.00,0.0000,0.0000,0.0000,0.0000,IDLE,0.0,1,0.00,0.0000,0,0,0,0.00,0.0000,0.0,0.0,0,0.0,0.0,1.08,0,0
32072,0.31,-0.05,0.94,0.20,0.05,1.03,1009.85,49.68,0.00,0.00,0.00,0.00,0.0000,0.0000,0.0000,0.0000,IDLE,0.0,1,0.00,0.0000,0,0,0,0.00,0.0000,0.0,0.0,0,0.0,0.0,1.08,0,0
32122,0.30,-0.05,0.94,0.20,0.00,1.03,1009.82,49.68,0.00,0.00,0.00,0.00,0.0000,0.0000,0.0000,0.0000,IDLE,0.0,1,0.00,0.0000,0,0,0,0.00,0.0000,0.0,0.0,0,0.0,0.0,1.08,0,0
32172,0.31,-0.05,0.94,0.20,0.05,0.93,1009.83,49.68,0.00,0.00,0.00,0.00,0.0000,0.0000,0.0000,0.0000,IDLE,0.0,1,0.00,0.0000,0,0,0,0.00,0.0000,0.0,0.0,0,0.0,0.0,1.08,0,0
32222,0.31,-0.05,0.94,0.15,0.00,1.03,1009.84,49.68,0.00,0.00,0.00,0.00,0.0000,0.0000,0.0000,0.0000,IDLE,0.0,1,0.00,0.0000,0,0,0,0.00,0.0000,0.0,0.0,0,0.0,0.0,1.08,0,0
32272,0.31,-0.05,0.94,0.20,0.05,1.03,1009.84,49.68,0.00,0.00,0.00,0.00,0.0000,0.0000,0.0000,0.0000,IDLE,0.0,1,0.00,0.0000,0,0,0,0.00,0.0000,0.0,0.0,0,0.0,0.0,1.08,0,0
32322,0.30,-0.05,0.94,0.20,0.00,1.03,1009.78,49.68,0.00,0.00,0.00,0.00,0.0000,0.0000,0.0000,0.0000,IDLE,0.0,1,0.00,0.0000,0,0,0,0.00,0.0000,0.0,0.0,0,0.0,0.0,1.08,0,0
32372,0.30,-0.05,0.94,0.20,0.00,0.98,1009.88,49.68,0.00,0.00,0.00,0.00,0.0000,0.0000,0.0000,0.0000,IDLE,0.0,1,0.00,0.0000,0,0,0,0.00,0.0000,0.0,0.0,0,0.0,0.0,1.08,0,0
32422,0.31,-0.05,0.94,0.15,0.05,0.98,1009.85,49.69,0.00,0.00,0.00,0.00,0.0000,0.0000,0.0000,0.0000,IDLE,0.0,1,0.00,0.0000,0,0,0,0.00,0.0000,0.0,0.0,0,0.0,0.0,1.08,0,0
32472,0.30,-0.05,0.94,0.20,0.05,0.98,1009.86,49.68,0.00,0.00,0.00,0.00,0.0000,0.0000,0.0000,0.0000,IDLE,0.0,1,0.00,0.0000,0,0,0,0.00,0.0000,0.0,0.0,0,0.0,0.0,1.08,0,0
32522,0.30,-0.05,0.94,0.20,0.00,1.03,1009.84,49.68,0.00,0.00,0.00,0.00,0.0000,0.0000,0.0000,0.0000,IDLE,0.0,1,0.00,0.0000,0,0,0,0.00,0.0000,0.0,0.0,0,0.0,0.0,1.08,0,0
32572,0.30,-0.05,0.94,0.20,0.00,0.98,1009.86,49.68,0.00,0.00,0.00,0.00,0.0000,0.0000,0.0000,0.0000,IDLE,0.0,1,0.00,0.0000,0,0,0,0.00,0.0000,0.0,0.0,0,0.0,0.0,1.08,0,0
32622,0.30,-0.06,0.94,0.15,0.05,0.98,1009.88,49.68,0.00,0.00,0.00,0.00,0.0000,0.0000,0.0000,0.0000,IDLE,0.0,1,0.00,0.0000,0,0,0,0.00,0.0000,0.0,0.0,0,0.0,0.0,1.08,0,0
32672,0.31,-0.05,0.94,0.24,0.00,1.03,1009.85,49.68,0.00,0.00,0.00,0.00,0.0000,0.0000,0.0000,0.0000,IDLE,0.0,1,0.00,0.0000,0,0,0,0.00,0.0000,0.0,0.0,0,0.0,0.0,1.08,0,0
32722,0.30,-0.05,0.94,0.15,0.05,0.98,1009.82,49.68,0.00,0.00,0.00,0.00,0.0000,0.0000,0.0000,0.0000,IDLE,0.0,1,0.00,0.0000,0,0,0,0.00,0.0000,0.0,0.0,0,0.0,0.0,1.08,0,0
32772,0.31,-0.05,0.94,0.20,0.05,1.08,1009.86,49.68,0.00,0.00,0.00,0.00,0.0000,0.0000,0.0000,0.0000,IDLE,0.0,1,0.00,0.0000,0,0,0,0.00,0.0000,0.0,0.0,0,0.0,0.0,1.08,0,0
32822,0.30,-0.05,0.94,0.15,0.00,1.03,1009.85,49.68,0.00,0.00,0.00,0.00,0.0000,0.0000,0.0000,0.0000,IDLE,0.0,1,0.00,0.0000,0,0,0,0.00,0.0000,0.0,0.0,0,0.0,0.0,1.08,0,0
32872,0.31,-0.05,0.94,0.20,0.05,0.98,1009.86,49.68,0.00,0.00,0.00,0.00,0.0000,0.0000,0.0000,0.0000,IDLE,0.0,1,0.00,0.0000,0,0,0,0.00,0.0000,0.0,0.0,0,0.0,0.0,1.08,0,0
32922,0.31,-0.05,0.94,0.20,0.05,1.08,1009.85,49.68,0.00,0.00,0.00,0.00,0.0000,0.0000,0.0000,0.0000,IDLE,0.0,1,0.00,0.0000,0,0,0,0.00,0.0000,0.0,0.0,0,0.0,0.0,1.08,0,0
32972,0.31,-0.05,0.95,0.20,0.05,0.98,1009.82,49.67,0.00,0.00,0.00,0.00,0.0000,0.0000,0.0000,0.0000,IDLE,0.0,1,0.00,0.0000,0,0,0,0.00,0.0000,0.0,0.0,0,0.0,0.0,1.08,0,0
33022,0.31,-0.05,0.94,0.15,0.05,1.03,1009.80,49.67,0.00,0.00,0.00,0.00,0.0000,0.0000,0.0000,0.0000,IDLE,0.0,1,0.00,0.0000,0,0,0,0.00,0.0000,0.0,0.0,0,0.0,0.0,1.08,0,0
33072,0.31,-0.05,0.94,0.20,0.00,1.03,1009.79,49.67,0.00,0.00,0.00,0.00,0.0000,0.0000,0.0000,0.0000,IDLE,0.0,1,0.00,0.0000,0,0,0,0.00,0.0000,0.0,0.0,0,0.0,0.0,1.08,0,0
33122,0.30,-0.05,0.94,0.20,0.05,0.98,1009.81,49.67,0.00,0.00,0.00,0.00,0.0000,0.0000,0.0000,0.0000,IDLE,0.0,1,0.00,0.0000,0,0,0,0.00,0.0000,0.0,0.0,0,0.0,0.0,1.08,0,0
33172,0.30,-0.05,0.94,0.15,0.05,0.98,1009.82,49.67,0.00,0.00,0.00,0.00,0.0000,0.0000,0.0000,0.0000,IDLE,0.0,1,0.00,0.0000,0,0,0,0.00,0.0000,0.0,0.0,0,0.0,0.0,1.08,0,0
33222,0.31,-0.05,0.94,0.20,0.05,0.98,1009.82,49.67,0.00,0.00,0.00,0.00,0.0000,0.0000,0.0000,0.0000,IDLE,0.0,1,0.00,0.0000,0,0,0,0.00,0.0000,0.0,0.0,0,0.0,0.0,1.08,0,0
33272,0.30,-0.05,0.94,0.20,0.00,0.98,1009.83,49.67,0.00,0.00,0.00,0.00,0.0000,0.0000,0.0000,0.0000,IDLE,0.0,1,0.00,0.0000,0,0,0,0.00,0.0000,0.0,0.0,0,0.0,0.0,1.08,0,0
33322,0.30,-0.05,0.94,0.20,0.05,0.98,1009.80,49.66,0.00,0.00,0.00,0.00,0.0000,0.0000,0.0000,0.0000,IDLE,0.0,1,0.00,0.0000,0,0,0,0.00,0.0000,0.0,0.0,0,0.0,0.0,1.08,0,0
33372,0.30,-0.05,0.94,0.20,0.05,1.03,1009.82,49.67,0.00,0.00,0.00,0.00,0.0000,0.0000,0.0000,0.0000,IDLE,0.0,1,0.00,0.0000,0,0,0,0.00,0.0000,0.0,0.0,0,0.0,0.0,1.08,0,0
33422,0.31,-0.05,0.94,0.20,0.00,1.03,1009.83,49.66,0.00,0.00,0.00,0.00,0.0000,0.0000,0.0000,0.0000,IDLE,0.0,1,0.00,0.0000,0,0,0,0.00,0.0000,0.0,0.0,0,0.0,0.0,1.08,0,0
33472,0.31,-0.05,0.94,0.20,0.05,0.98,1009.82,49.66,0.00,0.00,0.00,0.00,0.0000,0.0000,0.0000,0.0000,IDLE,0.0,1,0.00,0.0000,0,0,0,0.00,0.0000,0.0,0.0,0,0.0,0.0,1.08,0,0
33522,0.30,-0.05,0.94,0.20,0.05,0.93,1009.82,49.67,0.00,0.00,0.00,0.00,0.0000,0.0000,0.0000,0.0000,IDLE,0.0,1,0.00,0.0000,0,0,0,0.00,0.0000,0.0,0.0,0,0.0,0.0,1.08,0,0
33572,0.31,-0.05,0.95,0.15,0.05,1.08,1009.82,49.66,0.00,0.00,0.00,0.00,0.0000,0.0000,0.0000,0.0000,IDLE,0.0,1,0.00,0.0000,0,0,0,0.00,0.0000,0.0,0.0,0,0.0,0.0,1.08,0,0
33622,0.31,-0.05,0.95,0.20,0.05,0.93,1009.80,49.66,0.00,0.00,0.00,0.00,0.0000,0.0000,0.0000,0.0000,IDLE,0.0,1,0.00,0.0000,0,0,0,0.00,0.0000,0.0,0.0,0,0.0,0.0,1.08,0,0
33672,0.30,-0.05,0.94,0.20,0.05,0.98,1009.85,49.66,0.00,0.00,0.00,0.00,0.0000,0.0000,0.0000,0.0000,IDLE,0.0,1,0.00,0.0000,0,0,0,0.00,0.0000,0.0,0.0,0,0.0,0.0,1.08,0,0
33722,0.31,-0.05,0.94,0.24,0.00,1.03,1009.83,49.66,0.00,0.00,0.00,0.00,0.0000,0.0000,0.0000,0.0000,IDLE,0.0,1,0.00,0.0000,0,0,0,0.00,0.0000,0.0,0.0,0,0.0,0.0,1.08,0,0
33772,0.31,-0.05,0.94,0.20,0.00,0.93,1009.82,49.66,0.00,0.00,0.00,0.00,0.0000,0.0000,0.0000,0.0000,IDLE,0.0,1,0.00,0.0000,0,0,0,0.00,0.0000,0.0,0.0,0,0.0,0.0,1.08,0,0
33822,0.30,-0.05,0.94,0.15,0.05,0.98,1009.84,49.66,0.00,0.00,0.00,0.00,0.0000,0.0000,0.0000,0.0000,IDLE,0.0,1,0.00,0.0000,0,0,0,0.00,0.0000,0.0,0.0,0,0.0,0.0,1.08,0,0
33872,0.31,-0.05,0.94,0.20,0.00,1.03,1009.88,49.66,0.00,0.00,0.00,0.00,0.0000,0.0000,0.0000,0.0000,IDLE,0.0,1,0.00,0.0000,0,0,0,0.00,0.0000,0.0,0.0,0,0.0,0.0,1.08,0,0
33922,0.30,-0.04,0.94,0.20,0.00,0.98,1009.86,49.66,0.00,0.00,0.00,0.00,0.0000,0.0000,0.0000,0.0000,IDLE,0.0,1,0.00,0.0000,0,0,0,0.00,0.0000,0.0,0.0,0,0.0,0.0,1.08,0,0
33972,0.30,-0.05,0.94,0.20,0.05,0.93,1009.84,49.66,0.00,0.00,0.00,0.00,0.0000,0.0000,0.0000,0.0000,IDLE,0.0,1,0.00,0.0000,0,0,0,0.00,0.0000,0.0,0.0,0,0.0,0.0,1.08,0,0
34022,0.30,-0.05,0.94,0.20,0.05,1.03,1009.82,49.66,0.00,0.00,0.00,0.00,0.0000,0.0000,0.0000,0.0000,IDLE,0.0,1,0.00,0.0000,0,0,0,0.00,0.0000,0.0,0.0,0,0.0,0.0,1.08,0,0
34072,0.30,-0.05,0.94,0.20,0.05,0.93,1009.84,49.66,0.00,0.00,0.00,0.00,0.0000,0.0000,0.0000,0.0000,IDLE,0.0,1,0.00,0.0000,0,0,0,0.00,0.0000,0.0,0.0,0,0.0,0.0,1.08,0,0
34122,0.30,-0.05,0.94,0.20,0.00,0.98,1009.85,49.66,0.00,0.00,0.00,0.00,0.0000,0.0000,0.0000,0.0000,IDLE,0.0,1,0.00,0.0000,0,0,0,0.00,0.0000,0.0,0.0,0,0.0,0.0,1.08,0,0
34172,0.30,-0.05,0.94,0.24,0.05,0.98,1009.79,49.66,0.00,0.00,0.00,0.00,0.0000,0.0000,0.0000,0.0000,IDLE,0.0,1,0.00,0.0000,0,0,0,0.00,0.0000,0.0,0.0,0,0.0,0.0,1.08,0,0
34222,0.31,-0.05,0.94,0.20,0.05,0.93,1009.73,49.66,0.00,0.00,0.00,0.00,0.0000,0.0000,0.0000,0.0000,IDLE,0.0,1,0.00,0.0000,0,0,0,0.00,0.0000,0.0,0.0,0,0.0,0.0,1.08,0,0
34272,0.30,-0.04,0.94,0.20,0.05,0.98,1009.86,49.66,0.00,0.00,0.00,0.00,0.0000,0.0000,0.0000,0.0000,IDLE,0.0,1,0.00,0.0000,0,0,0,0.00,0.0000,0.0,0.0,0,0.0,0.0,1.08,0,0
34322,0.31,-0.05,0.94,0.15,0.05,0.98,1009.84,49.65,0.00,0.00,0.00,0.00,0.0000,0.0000,0.0000,0.0000,IDLE,0.0,1,0.00,0.0000,0,0,0,0.00,0.0000,0.0,0.0,0,0.0,0.0,1.08,0,0
34372,0.31,-0.05,0.94,0.20,0.05,0.98,1009.81,49.66,0.00,0.00,0.00,0.00,0.0000,0.0000,0.0000,0.0000,IDLE,0.0,1,0.00,0.0000,0,0,0,0.00,0.0000,0.0,0.0,0,0.0,0.0,1.08,0,0
34421,0.30,-0.05,0.95,0.15,0.05,1.03,1009.83,49.65,0.00,0.00,0.00,0.00,0.0000,0.0000,0.0000,0.0000,IDLE,0.0,1,0.00,0.0000,0,0,0,0.00,0.0000,0.0,0.0,0,0.0,0.0,1.08,0,0
34472,0.30,-0.05,0.94,0.20,0.05,0.98,1009.81,49.65,0.00,0.00,0.00,0.00,0.0000,0.0000,0.0000,0.0000,IDLE,0.0,1,0.00,0.0000,0,0,0,0.00,0.0000,0.0,0.0,0,0.0,0.0,1.08,0,0
34522,0.31,-0.05,0.94,0.15,0.00,0.98,1009.83,49.65,0.00,0.00,0.00,0.00,0.0000,0.0000,0.0000,0.0000,IDLE,0.0,1,0.00,0.0000,0,0,0,0.00,0.0000,0.0,0.0,0,0.0,0.0,1.08,0,0
34572,0.30,-0.05,0.94,0.20,0.00,1.03,1009.83,49.65,0.00,0.00,0.00,0.00,0.0000,0.0000,0.0000,0.0000,IDLE,0.0,1,0.00,0.0000,0,0,0,0.00,0.0000,0.0,0.0,0,0.0,0.0,1.08,0,0
34622,0.31,-0.05,0.94,0.20,0.00,1.03,1009.86,49.65,0.00,0.00,0.00,0.00,0.0000,0.0000,0.0000,0.0000,IDLE,0.0,1,0.00,0.0000,0,0,0,0.00,0.0000,0.0,0.0,0,0.0,0.0,1.08,0,0
34672,0.30,-0.05,0.94,0.15,0.05,0.98,1009.83,49.65,0.00,0.00,0.00,0.00,0.0000,0.0000,0.0000,0.0000,IDLE,0.0,1,0.00,0.0000,0,0,0,0.00,0.0000,0.0,0.0,0,0.0,0.0,1.08,0,0
34722,0.30,-0.05,0.94,0.15,0.00,0.98,1009.85,49.65,0.00,0.00,0.00,0.00,0.0000,0.0000,0.0000,0.0000,IDLE,0.0,1,0.00,0.0000,0,0,0,0.00,0.0000,0.0,0.0,0,0.0,0.0,1.08,0,0
34772,0.31,-0.05,0.94,0.20,0.05,1.03,1009.87,49.65,0.00,0.00,0.00,0.00,0.0000,0.0000,0.0000,0.0000,IDLE,0.0,1,0.00,0.0000,0,0,0,0.00,0.0000,0.0,0.0,0,0.0,0.0,1.08,0,0
34822,0.31,-0.05,0.94,0.20,0.00,0.98,1009.84,49.64,0.00,0.00,0.00,0.00,0.0000,0.0000,0.0000,0.0000,IDLE,0.0,1,0.00,0.0000,0,0,0,0.00,0.0000,0.0,0.0,0,0.0,0.0,1.08,0,0
34872,0.31,-0.05,0.94,0.20,0.05,1.03,1009.81,49.65,0.00,0.00,0.00,0.00,0.0000,0.0000,0.0000,0.0000,IDLE,0.0,1,0.00,0.0000,0,0,0,0.00,0.0000,0.0,0.0,0,0.0,0.0,1.08,0,0
34922,0.30,-0.05,0.94,0.20,0.00,1.03,1009.83,49.65,0.00,0.00,0.00,0.00,0.0000,0.0000,0.0000,0.0000,IDLE,0.0,1,0.00,0.0000,0,0,0,0.00,0.0000,0.0,0.0,0,0.0,0.0,1.08,0,0
34972,0.31,-0.05,0.94,0.20,0.05,1.03,1009.83,49.65,0.00,0.00,0.00,0.00,0.0000,0.0000,0.0000,0.0000,IDLE,0.0,1,0.00,0.0000,0,0,0,0.00,0.0000,0.0,0.0,0,0.0,0.0,1.08,0,0
35022,0.30,-0.05,0.94,0.20,0.05,1.03,1009.84,49.65,0.00,0.00,0.00,0.00,0.0000,0.0000,0.0000,0.0000,IDLE,0.0,1,0.00,0.0000,0,0,0,0.00,0.0000,0.0,0.0,0,0.0,0.0,1.08,0,0
35072,0.30,-0.05,0.94,0.15,0.05,0.98,1009.86,49.64,0.00,0.00,0.00,0.00,0.0000,0.0000,0.0000,0.0000,IDLE,0.0,1,0.00,0.0000,0,0,0,0.00,0.0000,0.0,0.0,0,0.0,0.0,1.08,0,0
35122,0.30,-0.05,0.94,0.20,0.05,0.93,1009.84,49.64,0.00,0.00,0.00,0.00,0.0000,0.0000,0.0000,0.0000,IDLE,0.0,1,0.00,0.0000,0,0,0,0.00,0.0000,0.0,0.0,0,0.0,0.0,1.08,0,0
35172,0.30,-0.05,0.94,0.20,0.00,1.03,1009.82,49.64,0.00,0.00,0.00,0.00,0.0000,0.0000,0.0000,0.0000,IDLE,0.0,1,0.00,0.0000,0,0,0,0.00,0.0000,0.0,0.0,0,0.0,0.0,1.08,0,0
35222,0.30,-0.04,0.94,0.20,0.00,0.98,1009.86,49.64,0.00,0.00,0.00,0.00,0.0000,0.0000,0.0000,0.0000,IDLE,0.0,1,0.00,0.0000,0,0,0,0.00,0.0000,0.0,0.0,0,0.0,0.0,1.08,0,0
35272,0.31,-0.05,0.94,0.20,0.05,1.03,1009.90,49.64,0.00,0.00,0.00,0.00,0.0000,0.0000,0.0000,0.0000,IDLE,0.0,1,0.00,0.0000,0,0,0,0.00,0.0000,0.0,0.0,0,0.0,0.0,1.08,0,0
35322,0.31,-0.05,0.94,0.20,0.05,1.03,1009.84,49.64,0.00,0.00,0.00,0.00,0.0000,0.0000,0.0000,0.0000,IDLE,0.0,1,0.00,0.0000,0,0,0,0.00,0.0000,0.0,0.0,0,0.0,0.0,1.08,0,0
35372,0.30,-0.05,0.94,0.20,0.00,0.98,1009.86,49.64,0.00,0.00,0.00,0.00,0.0000,0.0000,0.0000,0.0000,IDLE,0.0,1,0.00,0.0000,0,0,0,0.00,0.0000,0.0,0.0,0,0.0,0.0,1.08,0,0
35422,0.30,-0.05,0.94,0.24,0.00,1.03,1009.83,49.64,0.00,0.00,0.00,0.00,0.0000,0.0000,0.0000,0.0000,IDLE,0.0,1,0.00,0.0000,0,0,0,0.00,0.0000,0.0,0.0,0,0.0,0.0,1.08,0,0
35472,0.30,-0.05,0.94,0.24,0.05,0.98,1009.81,49.63,0.00,0.00,0.00,0.00,0.0000,0.0000,0.0000,0.0000,IDLE,0.0,1,0.00,0.0000,0,0,0,0.00,0.0000,0.0,0.0,0,0.0,0.0,1.08,0,0
35522,0.30,-0.05,0.94,0.20,0.00,1.03,1009.86,49.63,0.00,0.00,0.00,0.00,0.0000,0.0000,0.0000,0.0000,IDLE,0.0,1,0.00,0.0000,0,0,0,0.00,0.0000,0.0,0.0,0,0.0,0.0,1.08,0,0
35572,0.30,-0.05,0.94,0.20,0.00,0.98,1009.80,49.63,0.00,0.00,0.00,0.00,0.0000,0.0000,0.0000,0.0000,IDLE,0.0,1,0.00,0.0000,0,0,0,0.00,0.0000,0.0,0.0,0,0.0,0.0,1.08,0,0
35622,0.31,-0.05,0.94,0.20,0.00,0.98,1009.83,49.63,0.00,0.00,0.00,0.00,0.0000,0.0000,0.0000,0.0000,IDLE,0.0,1,0.00,0.0000,0,0,0,0.00,0.0000,0.0,0.0,0,0.0,0.0,1.08,0,0
35672,0.30,-0.05,0.94,0.15,0.05,0.98,1009.84,49.63,0.00,0.00,0.00,0.00,0.0000,0.0000,0.0000,0.0000,IDLE,0.0,1,0.00,0.0000,0,0,0,0.00,0.0000,0.0,0.0,0,0.0,0.0,1.08,0,0
35722,0.31,-0.04,0.94,0.15,0.05,1.08,1009.83,49.63,0.00,0.00,0.00,0.00,0.0000,0.0000,0.0000,0.0000,IDLE,0.0,1,0.00,0.0000,0,0,0,0.00,0.0000,0.0,0.0,0,0.0,0.0,1.08,0,0
35772,0.31,-0.05,0.94,0.15,0.00,1.03,1009.84,49.62,0.00,0.00,0.00,0.00,0.0000,0.0000,0.0000,0.0000,IDLE,0.0,1,0.00,0.0000,0,0,0,0.00,0.0000,0.0,0.0,0,0.0,0.0,1.08,0,0
35822,0.31,-0.05,0.94,0.15,0.05,0.98,1009.83,49.63,0.00,0.00,0.00,0.00,0.0000,0.0000,0.0000,0.0000,IDLE,0.0,1,0.00,0.0000,0,0,0,0.00,0.0000,0.0,0.0,0,0.0,0.0,1.08,0,0
35872,0.31,-0.05,0.94,0.24,0.05,1.03,1009.82,49.63,0.00,0.00,0.00,0.00,0.0000,0.0000,0.0000,0.0000,IDLE,0.0,1,0.00,0.0000,0,0,0,0.00,0.0000,0.0,0.0,0,0.0,0.0,1.08,0,0
35922,0.30,-0.05,0.94,0.20,0.00,1.03,1009.86,49.63,0.00,0.00,0.00,0.00,0.0000,0.0000,0.0000,0.0000,IDLE,0.0,1,0.00,0.0000,0,0,0,0.00,0.0000,0.0,0.0,0,0.0,0.0,1.08,0,0
35972,0.30,-0.05,0.94,0.20,0.05,0.98,1009.84,49.63,0.00,0.00,0.00,0.00,0.0000,0.0000,0.0000,0.0000,IDLE,0.0,1,0.00,0.0000,0,0,0,0.00,0.0000,0.0,0.0,0,0.0,0.0,1.08,0,0
36022,0.31,-0.05,0.94,0.15,0.05,1.03,1009.85,49.63,0.00,0.00,0.00,0.00,0.0000,0.0000,0.0000,0.0000,IDLE,0.0,1,0.00,0.0000,0,0,0,0.00,0.0000,0.0,0.0,0,0.0,0.0,1.08,0,0
36072,0.31,-0.05,0.94,0.20,0.05,0.98,1009.85,49.62,0.00,0.00,0.00,0.00,0.0000,0.0000,0.0000,0.0000,IDLE,0.0,1,0.00,0.0000,0,0,0,0.00,0.0000,0.0,0.0,0,0.0,0.0,1.08,0,0
36122,0.30,-0.05,0.94,0.15,0.00,1.03,1009.86,49.62,0.00,0.00,0.00,0.00,0.0000,0.0000,0.0000,0.0000,IDLE,0.0,1,0.00,0.0000,0,0,0,0.00,0.0000,0.0,0.0,0,0.0,0.0,1.08,0,0
36172,0.30,-0.05,0.94,0.24,0.00,0.93,1009.81,49.62,0.00,0.00,0.00,0.00,0.0000,0.0000,0.0000,0.0000,IDLE,0.0,1,0.00,0.0000,0,0,0,0.00,0.0000,0.0,0.0,0,0.0,0.0,1.08,0,0
36222,0.30,-0.05,0.94,0.15,0.05,1.03,1009.84,49.62,0.00,0.00,0.00,0.00,0.0000,0.0000,0.0000,0.0000,IDLE,0.0,1,0.00,0.0000,0,0,0,0.00,0.0000,0.0,0.0,0,0.0,0.0,1.08,0,0
36272,0.31,-0.05,0.94,0.20,0.05,0.98,1009.81,49.61,0.00,0.00,0.00,0.00,0.0000,0.0000,0.0000,0.0000,IDLE,0.0,1,0.00,0.0000,0,0,0,0.00,0.0000,0.0,0.0,0,0.0,0.0,1.08,0,0
36322,0.30,-0.04,0.94,0.20,0.00,0.98,1009.89,49.62,0.00,0.00,0.00,0.00,0.0000,0.0000,0.0000,0.0000,IDLE,0.0,1,0.00,0.0000,0,0,0,0.00,0.0000,0.0,0.0,0,0.0,0.0,1.08,0,0
36372,0.31,-0.05,0.94,0.15,0.00,1.03,1009.89,49.62,0.00,0.00,0.00,0.00,0.0000,0.0000,0.0000,0.0000,IDLE,0.0,1,0.00,0.0000,0,0,0,0.00,0.0000,0.0,0.0,0,0.0,0.0,1.08,0,0
36422,0.31,-0.05,0.95,0.20,0.00,0.98,1009.81,49.62,0.00,0.00,0.00,0.00,0.0000,0.0000,0.0000,0.0000,IDLE,0.0,1,0.00,0.0000,0,0,0,0.00,0.0000,0.0,0.0,0,0.0,0.0,1.08,0,0
36472,0.31,-0.05,0.94,0.20,0.05,1.03,1009.83,49.62,0.00,0.00,0.00,0.00,0.0000,0.0000,0.0000,0.0000,IDLE,0.0,1,0.00,0.0000,0,0,0,0.00,0.0000,0.0,0.0,0,0.0,0.0,1.08,0,0
36522,0.30,-0.05,0.94,0.20,0.05,0.98,1009.81,49.62,0.00,0.00,0.00,0.00,0.0000,0.0000,0.0000,0.0000,IDLE,0.0,1,0.00,0.0000,0,0,0,0.00,0.0000,0.0,0.0,0,0.0,0.0,1.08,0,0
36572,0.31,-0.05,0.94,0.20,0.05,0.98,1009.87,49.62,0.00,0.00,0.00,0.00,0.0000,0.0000,0.0000,0.0000,IDLE,0.0,1,0.00,0.0000,0,0,0,0.00,0.0000,0.0,0.0,0,0.0,0.0,1.08,0,0
36622,0.31,-0.05,0.94,0.20,0.05,0.98,1009.92,49.62,0.00,0.00,0.00,0.00,0.0000,0.0000,0.0000,0.0000,IDLE,0.0,1,0.00,0.0000,0,0,0,0.00,0.0000,0.0,0.0,0,0.0,0.0,1.08,0,0
36672,0.30,-0.05,0.94,0.15,0.05,1.03,1009.92,49.62,0.00,0.00,0.00,0.00,0.0000,0.0000,0.0000,0.0000,IDLE,0.0,1,0.00,0.0000,0,0,0,0.00,0.0000,0.0,0.0,0,0.0,0.0,1.08,0,0
36722,0.30,-0.05,0.94,0.20,0.05,0.93,1009.83,49.61,0.00,0.00,0.00,0.00,0.0000,0.0000,0.0000,0.0000,IDLE,0.0,1,0.00,0.0000,0,0,0,0.00,0.0000,0.0,0.0,0,0.0,0.0,1.08,0,0
36772,0.31,-0.05,0.94,0.15,0.05,0.98,1009.82,49.61,0.00,0.00,0.00,0.00,0.0000,0.0000,0.0000,0.0000,IDLE,0.0,1,0.00,0.0000,0,0,0,0.00,0.0000,0.0,0.0,0,0.0,0.0,1.08,0,0
36822,0.30,-0.04,0.94,0.20,0.05,1.03,1009.84,49.61,0.00,0.00,0.00,0.00,0.0000,0.0000,0.0000,0.0000,IDLE,0.0,1,0.00,0.0000,0,0,0,0.00,0.0000,0.0,0.0,0,0.0,0.0,1.08,0,0
36872,0.30,-0.05,0.94,0.20,0.05,1.03,1009.84,49.61,0.00,0.00,0.00,0.00,0.0000,0.0000,0.0000,0.0000,IDLE,0.0,1,0.00,0.0000,0,0,0,0.00,0.0000,0.0,0.0,0,0.0,0.0,1.08,0,0
36922,0.30,-0.05,0.94,0.20,0.05,0.98,1009.81,49.61,0.00,0.00,0.00,0.00,0.0000,0.0000,0.0000,0.0000,IDLE,0.0,1,0.00,0.0000,0,0,0,0.00,0.0000,0.0,0.0,0,0.0,0.0,1.08,0,0
36972,0.30,-0.05,0.94,0.20,0.05,1.08,1009.84,49.61,0.00,0.00,0.00,0.00,0.0000,0.0000,0.0000,0.0000,IDLE,0.0,1,0.00,0.0000,0,0,0,0.00,0.0000,0.0,0.0,0,0.0,0.0,1.08,0,0
37022,0.30,-0.05,0.94,0.20,0.00,1.03,1009.86,49.61,0.00,0.00,0.00,0.00,0.0000,0.0000,0.0000,0.0000,IDLE,0.0,1,0.00,0.0000,0,0,0,0.00,0.0000,0.0,0.0,0,0.0,0.0,1.08,0,0
37072,0.30,-0.05,0.94,0.15,0.00,0.98,1009.87,49.61,0.00,0.00,0.00,0.00,0.0000,0.0000,0.0000,0.0000,IDLE,0.0,1,0.00,0.0000,0,0,0,0.00,0.0000,0.0,0.0,0,0.0,0.0,1.08,0,0
37122,0.30,-0.04,0.94,0.20,0.05,1.03,1009.82,49.60,0.00,0.00,0.00,0.00,0.0000,0.0000,0.0000,0.0000,IDLE,0.0,1,0.00,0.0000,0,0,0,0.00,0.0000,0.0,0.0,0,0.0,0.0,1.08,0,0
37172,0.31,-0.05,0.94,0.20,0.05,0.98,1009.77,49.61,0.00,0.00,0.00,0.00,0.0000,0.0000,0.0000,0.0000,IDLE,0.0,1,0.00,0.0000,0,0,0,0.00,0.0000,0.0,0.0,0,0.0,0.0,1.08,0,0
37222,0.30,-0.05,0.94,0.15,0.05,1.03,1009.83,49.61,0.00,0.00,0.00,0.00,0.0000,0.0000,0.0000,0.0000,IDLE,0.0,1,0.00,0.0000,0,0,0,0.00,0.0000,0.0,0.0,0,0.0,0.0,1.08,0,0
37272,0.30,-0.04,0.94,0.20,0.00,0.98,1009.78,49.61,0.00,0.00,0.00,0.00,0.0000,0.0000,0.0000,0.0000,IDLE,0.0,1,0.00,0.0000,0,0,0,0.00,0.0000,0.0,0.0,0,0.0,0.0,1.08,0,0
37322,0.31,-0.05,0.94,0.20,0.00,1.03,1009.86,49.61,0.00,0.00,0.00,0.00,0.0000,0.0000,0.0000,0.0000,IDLE,0.0,1,0.00,0.0000,0,0,0,0.00,0.0000,0.0,0.0,0,0.0,0.0,1.08,0,0
37372,0.30,-0.05,0.94,0.15,0.05,1.03,1009.82,49.60,0.00,0.00,0.00,0.00,0.0000,0.0000,0.0000,0.0000,IDLE,0.0,1,0.00,0.0000,0,0,0,0.00,0.0000,0.0,0.0,0,0.0,0.0,1.08,0,0
37421,0.30,-0.05,0.94,0.20,0.05,1.03,1009.84,49.60,0.00,0.00,0.00,0.00,0.0000,0.0000,0.0000,0.0000,IDLE,0.0,1,0.00,0.0000,0,0,0,0.00,0.0000,0.0,0.0,0,0.0,0.0,1.08,0,0
37472,0.30,-0.04,0.94,0.20,0.05,0.93,1009.83,49.60,0.00,0.00,0.00,0.00,0.0000,0.0000,0.0000,0.0000,IDLE,0.0,1,0.00,0.0000,0,0,0,0.00,0.0000,0.0,0.0,0,0.0,0.0,1.08,0,0
37522,0.31,-0.05,0.94,0.15,0.05,0.93,1009.85,49.61,0.00,0.00,0.00,0.00,0.0000,0.0000,0.0000,0.0000,IDLE,0.0,1,0.00,0.0000,0,0,0,0.00,0.0000,0.0,0.0,0,0.0,0.0,1.08,0,0
37572,0.30,-0.05,0.94,0.20,0.05,0.98,1009.82,49.61,0.00,0.00,0.00,0.00,0.0000,0.0000,0.0000,0.0000,IDLE,0.0,1,0.00,0.0000,0,0,0,0.00,0.0000,0.0,0.0,0,0.0,0.0,1.08,0,0
37622,0.31,-0.05,0.94,0.20,0.00,0.98,1009.85,49.60,0.00,0.00,0.00,0.00,0.0000,0.0000,0.0000,0.0000,IDLE,0.0,1,0.00,0.0000,0,0,0,0.00,0.0000,0.0,0.0,0,0.0,0.0,1.08,0,0
37672,0.31,-0.05,0.94,0.20,0.05,1.03,1009.87,49.61,0.00,0.00,0.00,0.00,0.0000,0.0000,0.0000,0.0000,IDLE,0.0,1,0.00,0.0000,0,0,0,0.00,0.0000,0.0,0.0,0,0.0,0.0,1.08,0,0
37722,0.30,-0.05,0.94,0.15,0.05,0.98,1009.81,49.60,0.00,0.00,0.00,0.00,0.0000,0.0000,0.0000,0.0000,IDLE,0.0,1,0.00,0.0000,0,0,0,0.00,0.0000,0.0,0.0,0,0.0,0.0,1.08,0,0
37772,0.30,-0.05,0.95,0.20,0.00,1.03,1009.84,49.61,0.00,0.00,0.00,0.00,0.0000,0.0000,0.0000,0.0000,IDLE,0.0,1,0.00,0.0000,0,0,0,0.00,0.0000,0.0,0.0,0,0.0,0.0,1.08,0,0
37822,0.30,-0.05,0.95,0.20,0.05,0.98,1009.84,49.59,0.00,0.00,0.00,0.00,0.0000,0.0000,0.0000,0.0000,IDLE,0.0,1,0.00,0.0000,0,0,0,0.00,0.0000,0.0,0.0,0,0.0,0.0,1.08,0,0
37872,0.31,-0.05,0.94,0.20,0.05,1.08,1009.85,49.59,0.00,0.00,0.00,0.00,0.0000,0.0000,0.0000,0.0000,IDLE,0.0,1,0.00,0.0000,0,0,0,0.00,0.0000,0.0,0.0,0,0.0,0.0,1.08,0,0
37922,0.31,-0.06,0.94,0.20,0.05,0.98,1009.81,49.60,0.00,0.00,0.00,0.00,0.0000,0.0000,0.0000,0.0000,IDLE,0.0,1,0.00,0.0000,0,0,0,0.00,0.0000,0.0,0.0,0,0.0,0.0,1.08,0,0
37972,0.31,-0.05,0.94,0.20,0.05,1.03,1009.88,49.59,0.00,0.00,0.00,0.00,0.0000,0.0000,0.0000,0.0000,IDLE,0.0,1,0.00,0.0000,0,0,0,0.00,0.0000,0.0,0.0,0,0.0,0.0,1.08,0,0
38022,0.31,-0.05,0.95,0.20,0.05,1.03,1009.87,49.60,0.00,0.00,0.00,0.00,0.0000,0.0000,0.0000,0.0000,IDLE,0.0,1,0.00,0.0000,0,0,0,0.00,0.0000,0.0,0.0,0,0.0,0.0,1.08,0,0
38072,0.30,-0.05,0.94,0.20,0.00,1.03,1009.88,49.59,0.00,0.00,0.00,0.00,0.0000,0.0000,0.0000,0.0000,IDLE,0.0,1,0.00,0.0000,0,0,0,0.00,0.0000,0.0,0.0,0,0.0,0.0,1.08,0,0
38122,0.31,-0.05,0.94,0.20,0.05,0.98,1009.82,49.59,0.00,0.00,0.00,0.00,0.0000,0.0000,0.0000,0.0000,IDLE,0.0,1,0.00,0.0000,0,0,0,0.00,0.0000,0.0,0.0,0,0.0,0.0,1.08,0,0
38172,0.30,-0.05,0.94,0.20,0.00,0.93,1009.82,49.59,0.00,0.00,0.00,0.00,0.0000,0.0000,0.0000,0.0000,IDLE,0.0,1,0.00,0.0000,0,0,0,0.00,0.0000,0.0,0.0,0,0.0,0.0,1.08,0,0
38222,0.30,-0.04,0.94,0.20,0.00,0.98,1009.80,49.59,0.00,0.00,0.00,0.00,0.0000,0.0000,0.0000,0.0000,IDLE,0.0,1,0.00,0.0000,0,0,0,0.00,0.0000,0.0,0.0,0,0.0,0.0,1.08,0,0
38272,0.30,-0.05,0.94,0.15,0.05,0.98,1009.81,49.59,0.00,0.00,0.00,0.00,0.0000,0.0000,0.0000,0.0000,IDLE,0.0,1,0.00,0.0000,0,0,0,0.00,0.0000,0.0,0.0,0,0.0,0.0,1.08,0,0
38322,0.30,-0.05,0.94,0.15,0.05,1.03,1009.85,49.59,0.00,0.00,0.00,0.00,0.0000,0.0000,0.0000,0.0000,IDLE,0.0,1,0.00,0.0000,0,0,0,0.00,0.0000,0.0,0.0,0,0.0,0.0,1.08,0,0
38372,0.31,-0.05,0.94,0.20,0.00,0.93,1009.84,49.58,0.00,0.00,0.00,0.00,0.0000,0.0000,0.0000,0.0000,IDLE,0.0,1,0.00,0.0000,0,0,0,0.00,0.0000,0.0,0.0,0,0.0,0.0,1.08,0,0
38422,0.30,-0.05,0.94,0.20,0.05,1.03,1009.82,49.59,0.00,0.00,0.00,0.00,0.0000,0.0000,0.0000,0.0000,IDLE,0.0,1,0.00,0.0000,0,0,0,0.00,0.0000,0.0,0.0,0,0.0,0.0,1.08,0,0
38472,0.30,-0.04,0.94,0.20,0.05,0.98,1009.80,49.58,0.00,0.00,0.00,0.00,0.0000,0.0000,0.0000,0.0000,IDLE,0.0,1,0.00,0.0000,0,0,0,0.00,0.0000,0.0,0.0,0,0.0,0.0,1.08,0,0
38522,0.31,-0.05,0.94,0.20,0.05,0.98,1009.88,49.58,0.00,0.00,0.00,0.00,0.0000,0.0000,0.0000,0.0000,IDLE,0.0,1,0.00,0.0000,0,0,0,0.00,0.0000,0.0,0.0,0,0.0,0.0,1.08,0,0
38572,0.30,-0.05,0.94,0.20,0.05,0.98,1009.85,49.58,0.00,0.00,0.00,0.00,0.0000,0.0000,0.0000,0.0000,IDLE,0.0,1,0.00,0.0000,0,0,0,0.00,0.0000,0.0,0.0,0,0.0,0.0,1.08,0,0
38622,0.30,-0.05,0.94,0.15,0.05,1.03,1009.85,49.58,0.00,0.00,0.00,0.00,0.0000,0.0000,0.0000,0.0000,IDLE,0.0,1,0.00,0.0000,0,0,0,0.00,0.0000,0.0,0.0,0,0.0,0.0,1.08,0,0
38672,0.30,-0.05,0.94,0.20,0.05,0.98,1009.82,49.58,0.00,0.00,0.00,0.00,0.0000,0.0000,0.0000,0.0000,IDLE,0.0,1,0.00,0.0000,0,0,0,0.00,0.0000,0.0,0.0,0,0.0,0.0,1.08,0,0
38722,0.30,-0.05,0.94,0.15,0.00,0.98,1009.79,49.58,0.00,0.00,0.00,0.00,0.0000,0.0000,0.0000,0.0000,IDLE,0.0,1,0.00,0.0000,0,0,0,0.00,0.0000,0.0,0.0,0,0.0,0.0,1.08,0,0
38772,0.30,-0.05,0.94,0.20,0.05,1.03,1009.83,49.58,0.00,0.00,0.00,0.00,0.0000,0.0000,0.0000,0.0000,IDLE,0.0,1,0.00,0.0000,0,0,0,0.00,0.0000,0.0,0.0,0,0.0,0.0,1.08,0,0
38822,0.30,-0.05,0.94,0.15,0.05,0.98,1009.83,49.57,0.00,0.00,0.00,0.00,0.0000,0.0000,0.0000,0.0000,IDLE,0.0,1,0.00,0.0000,0,0,0,0.00,0.0000,0.0,0.0,0,0.0,0.0,1.08,0,0
38872,0.31,-0.05,0.94,0.20,0.05,0.98,1009.84,49.58,0.00,0.00,0.00,0.00,0.0000,0.0000,0.0000,0.0000,IDLE,0.0,1,0.00,0.0000,0,0,0,0.00,0.0000,0.0,0.0,0,0.0,0.0,1.08,0,0
38922,0.30,-0.04,0.94,0.20,0.05,1.03,1009.84,49.57,0.00,0.00,0.00,0.00,0.0000,0.0000,0.0000,0.0000,IDLE,0.0,1,0.00,0.0000,0,0,0,0.00,0.0000,0.0,0.0,0,0.0,0.0,1.08,0,0
38972,0.31,-0.05,0.94,0.20,0.00,0.93,1009.88,49.57,0.00,0.00,0.00,0.00,0.0000,0.0000,0.0000,0.0000,IDLE,0.0,1,0.00,0.0000,0,0,0,0.00,0.0000,0.0,0.0,0,0.0,0.0,1.08,0,0
39022,0.30,-0.05,0.95,0.20,0.05,1.03,1009.85,49.57,0.00,0.00,0.00,0.00,0.0000,0.0000,0.0000,0.0000,IDLE,0.0,1,0.00,0.0000,0,0,0,0.00,0.0000,0.0,0.0,0,0.0,0.0,1.08,0,0
39072,0.31,-0.05,0.94,0.20,0.05,1.03,1009.82,49.57,0.00,0.00,0.00,0.00,0.0000,0.0000,0.0000,0.0000,IDLE,0.0,1,0.00,0.0000,0,0,0,0.00,0.0000,0.0,0.0,0,0.0,0.0,1.08,0,0
39122,0.30,-0.05,0.94,0.15,0.05,0.98,1009.80,49.57,0.00,0.00,0.00,0.00,0.0000,0.0000,0.0000,0.0000,IDLE,0.0,1,0.00,0.0000,0,0,0,0.00,0.0000,0.0,0.0,0,0.0,0.0,1.08,0,0
39172,0.30,-0.05,0.94,0.20,0.05,1.03,1009.84,49.56,0.00,0.00,0.00,0.00,0.0000,0.0000,0.0000,0.0000,IDLE,0.0,1,0.00,0.0000,0,0,0,0.00,0.0000,0.0,0.0,0,0.0,0.0,1.08,0,0
39222,0.30,-0.05,0.94,0.15,0.05,1.03,1009.82,49.57,0.00,0.00,0.00,0.00,0.0000,0.0000,0.0000,0.0000,IDLE,0.0,1,0.00,0.0000,0,0,0,0.00,0.0000,0.0,0.0,0,0.0,0.0,1.08,0,0
39272,0.31,-0.05,0.94,0.20,0.05,1.03,1009.84,49.56,0.00,0.00,0.00,0.00,0.0000,0.0000,0.0000,0.0000,IDLE,0.0,1,0.00,0.0000,0,0,0,0.00,0.0000,0.0,0.0,0,0.0,0.0,1.08,0,0
39322,0.31,-0.05,0.95,0.15,0.05,1.03,1009.83,49.57,0.00,0.00,0.00,0.00,0.0000,0.0000,0.0000,0.0000,IDLE,0.0,1,0.00,0.0000,0,0,0,0.00,0.0000,0.0,0.0,0,0.0,0.0,1.08,0,0
39372,0.30,-0.05,0.94,0.20,0.05,1.03,1009.84,49.56,0.00,0.00,0.00,0.00,0.0000,0.0000,0.0000,0.0000,IDLE,0.0,1,0.00,0.0000,0,0,0,0.00,0.0000,0.0,0.0,0,0.0,0.0,1.08,0,0
39422,0.30,-0.04,0.94,0.20,0.05,0.98,1009.82,49.56,0.00,0.00,0.00,0.00,0.0000,0.0000,0.0000,0.0000,IDLE,0.0,1,0.00,0.0000,0,0,0,0.00,0.0000,0.0,0.0,0,0.0,0.0,1.08,0,0
39472,0.30,-0.05,0.94,0.20,0.05,1.03,1009.80,49.56,0.00,0.00,0.00,0.00,0.0000,0.0000,0.0000,0.0000,IDLE,0.0,1,0.00,0.0000,0,0,0,0.00,0.0000,0.0,0.0,0,0.0,0.0,1.08,0,0
39522,0.30,-0.05,0.94,0.20,0.05,0.93,1009.82,49.55,0.00,0.00,0.00,0.00,0.0000,0.0000,0.0000,0.0000,IDLE,0.0,1,0.00,0.0000,0,0,0,0.00,0.0000,0.0,0.0,0,0.0,0.0,1.08,0,0
39572,0.30,-0.05,0.94,0.15,0.05,1.03,1009.83,49.56,0.00,0.00,0.00,0.00,0.0000,0.0000,0.0000,0.0000,IDLE,0.0,1,0.00,0.0000,0,0,0,0.00,0.0000,0.0,0.0,0,0.0,0.0,1.08,0,0
39622,0.31,-0.05,0.94,0.20,0.05,1.08,1009.85,49.55,0.00,0.00,0.00,0.00,0.0000,0.0000,0.0000,0.0000,IDLE,0.0,1,0.00,0.0000,0,0,0,0.00,0.0000,0.0,0.0,0,0.0,0.0,1.08,0,0
39672,0.30,-0.05,0.94,0.20,0.00,0.98,1009.82,49.56,0.00,0.00,0.00,0.00,0.0000,0.0000,0.0000,0.0000,IDLE,0.0,1,0.00,0.0000,0,0,0,0.00,0.0000,0.0,0.0,0,0.0,0.0,1.08,0,0
39722,0.30,-0.04,0.94,0.20,0.00,1.03,1009.85,49.56,0.00,0.00,0.00,0.00,0.0000,0.0000,0.0000,0.0000,IDLE,0.0,1,0.00,0.0000,0,0,0,0.00,0.0000,0.0,0.0,0,0.0,0.0,1.08,0,0
39772,0.30,-0.05,0.94,0.20,0.00,0.98,1009.84,49.56,0.00,0.00,0.00,0.00,0.0000,0.0000,0.0000,0.0000,IDLE,0.0,1,0.00,0.0000,0,0,0,0.00,0.0000,0.0,0.0,0,0.0,0.0,1.08,0,0
39822,0.30,-0.05,0.94,0.20,0.00,0.98,1009.89,49.55,0.00,0.00,0.00,0.00,0.0000,0.0000,0.0000,0.0000,IDLE,0.0,1,0.00,0.0000,0,0,0,0.00,0.0000,0.0,0.0,0,0.0,0.0,1.08,0,0
39872,0.30,-0.05,0.94,0.20,0.00,0.98,1009.86,49.55,0.00,0.00,0.00,0.00,0.0000,0.0000,0.0000,0.0000,IDLE,0.0,1,0.00,0.0000,0,0,0,0.00,0.0000,0.0,0.0,0,0.0,0.0,1.08,0,0
39922,0.30,-0.05,0.94,0.15,0.05,1.03,1009.86,49.55,0.00,0.00,0.00,0.00,0.0000,0.0000,0.0000,0.0000,IDLE,0.0,1,0.00,0.0000,0,0,0,0.00,0.0000,0.0,0.0,0,0.0,0.0,1.08,0,0
39972,0.30,-0.05,0.94,0.15,0.05,0.98,1009.86,49.55,0.00,0.00,0.00,0.00,0.0000,0.0000,0.0000,0.0000,IDLE,0.0,1,0.00,0.0000,0,0,0,0.00,0.0000,0.0,0.0,0,0.0,0.0,1.08,0,0
40022,0.30,-0.05,0.94,0.20,0.05,0.98,1009.80,49.55,0.00,0.00,0.00,0.00,0.0000,0.0000,0.0000,0.0000,IDLE,0.0,1,0.00,0.0000,0,0,0,0.00,0.0000,0.0,0.0,0,0.0,0.0,1.08,0,0
40072,0.31,-0.05,0.94,0.15,0.05,0.98,1009.82,49.55,0.00,0.00,0.00,0.00,0.0000,0.0000,0.0000,0.0000,IDLE,0.0,1,0.00,0.0000,0,0,0,0.00,0.0000,0.0,0.0,0,0.0,0.0,1.08,0,0
40122,0.31,-0.05,0.94,0.20,0.05,1.03,1009.80,49.55,0.00,0.00,0.00,0.00,0.0000,0.0000,0.0000,0.0000,IDLE,0.0,1,0.00,0.0000,0,0,0,0.00,0.0000,0.0,0.0,0,0.0,0.0,1.08,0,0
40172,0.31,-0.05,0.94,0.20,0.05,0.98,1009.88,49.54,0.00,0.00,0.00,0.00,0.0000,0.0000,0.0000,0.0000,IDLE,0.0,1,0.00,0.0000,0,0,0,0.00,0.0000,0.0,0.0,0,0.0,0.0,1.08,0,0
40222,0.30,-0.05,0.94,0.20,0.05,1.08,1009.77,49.55,0.00,0.00,0.00,0.00,0.0000,0.0000,0.0000,0.0000,IDLE,0.0,1,0.00,0.0000,0,0,0,0.00,0.0000,0.0,0.0,0,0.0,0.0,1.08,0,0
40272,0.31,-0.05,0.94,0.15,0.05,1.03,1009.81,49.55,0.00,0.00,0.00,0.00,0.0000,0.0000,0.0000,0.0000,IDLE,0.0,1,0.00,0.0000,0,0,0,0.00,0.0000,0.0,0.0,0,0.0,0.0,1.08,0,0
40322,0.31,-0.05,0.94,0.15,0.05,1.03,1009.81,49.54,0.00,0.00,0.00,0.00,0.0000,0.0000,0.0000,0.0000,IDLE,0.0,1,0.00,0.0000,0,0,0,0.00,0.0000,0.0,0.0,0,0.0,0.0,1.08,0,0
40372,0.30,-0.05,0.94,0.20,0.05,0.98,1009.85,49.54,0.00,0.00,0.00,0.00,0.0000,0.0000,0.0000,0.0000,IDLE,0.0,1,0.00,0.0000,0,0,0,0.00,0.0000,0.0,0.0,0,0.0,0.0,1.08,0,0
40421,0.30,-0.05,0.94,0.20,0.05,1.03,1009.79,49.54,0.00,0.00,0.00,0.00,0.0000,0.0000,0.0000,0.0000,IDLE,0.0,1,0.00,0.0000,0,0,0,0.00,0.0000,0.0,0.0,0,0.0,0.0,1.08,0,0
40472,0.31,-0.05,0.94,0.15,0.05,0.93,1009.75,49.54,0.00,0.00,0.00,0.00,0.0000,0.0000,0.0000,0.0000,IDLE,0.0,1,0.00,0.0000,0,0,0,0.00,0.0000,0.0,0.0,0,0.0,0.0,1.08,0,0
40522,0.31,-0.05,0.94,0.20,0.00,1.03,1009.83,49.54,0.00,0.00,0.00,0.00,0.0000,0.0000,0.0000,0.0000,IDLE,0.0,1,0.00,0.0000,0,0,0,0.00,0.0000,0.0,0.0,0,0.0,0.0,1.08,0,0
40572,0.30,-0.05,0.94,0.20,0.05,1.03,1009.82,49.54,0.00,0.00,0.00,0.00,0.0000,0.0000,0.0000,0.0000,IDLE,0.0,1,0.00,0.0000,0,0,0,0.00,0.0000,0.0,0.0,0,0.0,0.0,1.08,0,0
40622,0.31,-0.05,0.94,0.15,0.05,0.98,1009.80,49.54,0.00,0.00,0.00,0.00,0.0000,0.0000,0.0000,0.0000,IDLE,0.0,1,0.00,0.0000,0,0,0,0.00,0.0000,0.0,0.0,0,0.0,0.0,1.08,0,0
40672,0.30,-0.05,0.95,0.24,0.05,1.03,1009.85,49.53,0.00,0.00,0.00,0.00,0.0000,0.0000,0.0000,0.0000,IDLE,0.0,1,0.00,0.0000,0,0,0,0.00,0.0000,0.0,0.0,0,0.0,0.0,1.08,0,0
40722,0.30,-0.05,0.94,0.15,0.05,1.08,1009.85,49.53,0.00,0.00,0.00,0.00,0.0000,0.0000,0.0000,0.0000,IDLE,0.0,1,0.00,0.0000,0,0,0,0.00,0.0000,0.0,0.0,0,0.0,0.0,1.08,0,0
40772,0.31,-0.05,0.94,0.15,0.05,0.98,1009.82,49.53,0.00,0.00,0.00,0.00,0.0000,0.0000,0.0000,0.0000,IDLE,0.0,1,0.00,0.0000,0,0,0,0.00,0.0000,0.0,0.0,0,0.0,0.0,1.08,0,0
40822,0.30,-0.05,0.94,0.20,0.05,0.98,1009.82,49.53,0.00,0.00,0.00,0.00,0.0000,0.0000,0.0000,0.0000,IDLE,0.0,1,0.00,0.0000,0,0,0,0.00,0.0000,0.0,0.0,0,0.0,0.0,1.08,0,0
40872,0.30,-0.05,0.94,0.20,0.05,1.03,1009.78,49.53,0.00,0.00,0.00,0.00,0.0000,0.0000,0.0000,0.0000,IDLE,0.0,1,0.00,0.0000,0,0,0,0.00,0.0000,0.0,0.0,0,0.0,0.0,1.08,0,0
40922,0.30,-0.05,0.94,0.15,0.05,1.03,1009.81,49.53,0.00,0.00,0.00,0.00,0.0000,0.0000,0.0000,0.0000,IDLE,0.0,1,0.00,0.0000,0,0,0,0.00,0.0000,0.0,0.0,0,0.0,0.0,1.08,0,0
40972,0.30,-0.04,0.92,0.20,0.00,1.03,1009.84,49.53,0.00,0.00,0.00,0.00,0.0000,0.0000,0.0000,0.0000,IDLE,0.0,1,0.00,0.0000,0,0,0,0.00,0.0000,0.0,0.0,0,0.0,0.0,1.08,0,0
41022,0.30,-0.06,0.92,0.20,0.05,0.98,1009.79,49.52,0.00,0.00,0.00,0.00,0.0000,0.0000,0.0000,0.0000,IDLE,0.0,1,0.00,0.0000,0,0,0,0.00,0.0000,0.0,0.0,0,0.0,0.0,1.08,0,0
41072,0.33,-0.06,0.94,0.20,0.05,1.03,1009.84,49.53,0.00,0.00,0.00,0.00,0.0000,0.0000,0.0000,0.0000,IDLE,0.0,1,0.00,0.0000,0,0,0,0.00,0.0000,0.0,0.0,0,0.0,0.0,1.08,0,0
41122,0.28,-0.05,0.94,0.24,0.05,0.98,1009.89,49.52,0.00,0.00,0.00,0.00,0.0000,0.0000,0.0000,0.0000,IDLE,0.0,1,0.00,0.0000,0,0,0,0.00,0.0000,0.0,0.0,0,0.0,0.0,1.08,0,0
41172,0.31,-0.04,0.94,0.15,0.05,1.03,1009.87,49.52,0.00,0.00,0.00,0.00,0.0000,0.0000,0.0000,0.0000,IDLE,0.0,1,0.00,0.0000,0,0,0,0.00,0.0000,0.0,0.0,0,0.0,0.0,1.08,0,0
41222,0.31,-0.06,0.94,0.20,0.05,0.98,1009.84,49.52,0.00,0.00,0.00,0.00,0.0000,0.0000,0.0000,0.0000,IDLE,0.0,1,0.00,0.0000,0,0,0,0.00,0.0000,0.0,0.0,0,0.0,0.0,1.08,0,0
41272,0.30,-0.04,0.93,0.20,0.05,1.03,1009.81,49.52,0.00,0.00,0.00,0.00,0.0000,0.0000,0.0000,0.0000,IDLE,0.0,1,0.00,0.0000,0,0,0,0.00,0.0000,0.0,0.0,0,0.0,0.0,1.08,0,0
41322,0.31,-0.05,0.94,0.10,0.00,1.03,1009.82,49.52,0.00,0.00,0.00,0.00,0.0000,0.0000,0.0000,0.0000,IDLE,0.0,1,0.00,0.0000,0,0,0,0.00,0.0000,0.0,0.0,0,0.0,0.0,1.08,0,0
41372,0.31,-0.06,0.95,0.20,0.00,0.98,1009.80,49.51,0.00,0.00,0.00,0.00,0.0000,0.0000,0.0000,0.0000,IDLE,0.0,1,0.00,0.0000,0,0,0,0.00,0.0000,0.0,0.0,0,0.0,0.0,1.08,0,0
41422,0.29,-0.03,0.93,0.20,0.05,0.98,1009.87,49.51,0.00,0.00,0.00,0.00,0.0000,0.0000,0.0000,0.0000,IDLE,0.0,1,0.00,0.0000,0,0,0,0.00,0.0000,0.0,0.0,0,0.0,0.0,1.08,0,0
41472,0.33,-0.08,0.95,0.20,0.05,0.98,1009.89,49.51,0.00,0.00,0.00,0.00,0.0000,0.0000,0.0000,0.0000,IDLE,0.0,1,0.00,0.0000,0,0,0,0.00,0.0000,0.0,0.0,0,0.0,0.0,1.08,0,0
41522,0.28,-0.04,0.94,0.24,0.00,1.03,1009.88,49.51,0.00,0.00,0.00,0.00,0.0000,0.0000,0.0000,0.0000,IDLE,0.0,1,0.00,0.0000,0,0,0,0.00,0.0000,0.0,0.0,0,0.0,0.0,1.08,0,0
41572,0.30,-0.04,0.93,0.20,0.05,0.98,1009.78,49.51,0.00,0.00,0.00,0.00,0.0000,0.0000,0.0000,0.0000,IDLE,0.0,1,0.00,0.0000,0,0,0,0.00,0.0000,0.0,0.0,0,0.0,0.0,1.08,0,0
41622,0.32,-0.06,0.95,0.20,0.05,1.03,1009.83,49.51,0.00,0.00,0.00,0.00,0.0000,0.0000,0.0000,0.0000,IDLE,0.0,1,0.00,0.0000,0,0,0,0.00,0.0000,0.0,0.0,0,0.0,0.0,1.08,0,0
41672,0.30,-0.05,0.94,0.15,0.05,0.98,1009.83,49.51,0.00,0.00,0.00,0.00,0.0000,0.0000,0.0000,0.0000,IDLE,0.0,1,0.00,0.0000,0,0,0,0.00,0.0000,0.0,0.0,0,0.0,0.0,1.08,0,0
41722,0.30,-0.04,0.94,0.20,0.05,0.98,1009.83,49.50,0.00,0.00,0.00,0.00,0.0000,0.0000,0.0000,0.0000,IDLE,0.0,1,0.00,0.0000,0,0,0,0.00,0.0000,0.0,0.0,0,0.0,0.0,1.08,0,0
41772,0.32,-0.06,0.94,0.15,0.05,0.98,1009.84,49.50,0.00,0.00,0.00,0.00,0.0000,0.0000,0.0000,0.0000,IDLE,0.0,1,0.00,0.0000,0,0,0,0.00,0.0000,0.0,0.0,0,0.0,0.0,1.08,0,0
41822,0.30,-0.04,0.94,0.20,0.05,1.03,1009.77,49.50,0.00,0.00,0.00,0.00,0.0000,0.0000,0.0000,0.0000,IDLE,0.0,1,0.00,0.0000,0,0,0,0.00,0.0000,0.0,0.0,0,0.0,0.0,1.08,0,0
41872,0.31,-0.05,0.94,0.20,0.05,1.08,1009.85,49.49,0.00,0.00,0.00,0.00,0.0000,0.0000,0.0000,0.0000,IDLE,0.0,1,0.00,0.0000,0,0,0,0.00,0.0000,0.0,0.0,0,0.0,0.0,1.08,0,0
41922,0.31,-0.05,0.94,0.20,0.05,0.98,1009.85,49.50,0.00,0.00,0.00,0.00,0.0000,0.0000,0.0000,0.0000,IDLE,0.0,1,0.00,0.0000,0,0,0,0.00,0.0000,0.0,0.0,0,0.0,0.0,1.08,0,0
41972,0.30,-0.05,0.93,0.20,0.05,1.03,1009.81,49.50,0.00,0.00,0.00,0.00,0.0000,0.0000,0.0000,0.0000,IDLE,0.0,1,0.00,0.0000,0,0,0,0.00,0.0000,0.0,0.0,0,0.0,0.0,1.08,0,0
42022,0.31,-0.05,0.94,0.20,0.05,1.08,1009.84,49.49,0.00,0.00,0.00,0.00,0.0000,0.0000,0.0000,0.0000,IDLE,0.0,1,0.00,0.0000,0,0,0,0.00,0.0000,0.0,0.0,0,0.0,0.0,1.08,0,0
42072,0.31,-0.06,0.94,0.20,0.05,0.98,1009.84,49.49,0.00,0.00,0.00,0.00,0.0000,0.0000,0.0000,0.0000,IDLE,0.0,1,0.00,0.0000,0,0,0,0.00,0.0000,0.0,0.0,0,0.0,0.0,1.08,0,0
42122,0.30,-0.04,0.94,0.20,0.05,0.98,1009.82,49.49,0.00,0.00,0.00,0.00,0.0000,0.0000,0.0000,0.0000,IDLE,0.0,1,0.00,0.0000,0,0,0,0.00,0.0000,0.0,0.0,0,0.0,0.0,1.08,0,0
42172,0.32,-0.05,0.93,0.24,0.05,1.03,1009.77,49.49,0.00,0.00,0.00,0.00,0.0000,0.0000,0.0000,0.0000,IDLE,0.0,1,0.00,0.0000,0,0,0,0.00,0.0000,0.0,0.0,0,0.0,0.0,1.08,0,0
42222,0.32,-0.05,0.94,0.20,0.05,0.98,1009.87,49.48,0.00,0.00,0.00,0.00,0.0000,0.0000,0.0000,0.0000,IDLE,0.0,1,0.00,0.0000,0,0,0,0.00,0.0000,0.0,0.0,0,0.0,0.0,1.08,0,0
42272,0.32,-0.04,0.94,0.15,0.00,1.03,1009.86,49.48,0.00,0.00,0.00,0.00,0.0000,0.0000,0.0000,0.0000,IDLE,0.0,1,0.00,0.0000,0,0,0,0.00,0.0000,0.0,0.0,0,0.0,0.0,1.08,0,0
42322,0.31,-0.06,0.94,0.20,0.05,1.03,1009.88,49.48,0.00,0.00,0.00,0.00,0.0000,0.0000,0.0000,0.0000,IDLE,0.0,1,0.00,0.0000,0,0,0,0.00,0.0000,0.0,0.0,0,0.0,0.0,1.08,0,0
42372,0.30,-0.04,0.94,0.20,0.05,1.03,1009.81,49.48,0.00,0.00,0.00,0.00,0.0000,0.0000,0.0000,0.0000,IDLE,0.0,1,0.00,0.0000,0,0,0,0.00,0.0000,0.0,0.0,0,0.0,0.0,1.08,0,0
42422,0.29,-0.05,0.94,0.20,0.00,1.03,1009.84,49.48,0.00,0.00,0.00,0.00,0.0000,0.0000,0.0000,0.0000,IDLE,0.0,1,0.00,0.0000,0,0,0,0.00,0.0000,0.0,0.0,0,0.0,0.0,1.08,0,0
42472,0.30,-0.05,0.95,0.20,0.00,1.03,1009.84,49.47,0.00,0.00,0.00,0.00,0.0000,0.0000,0.0000,0.0000,IDLE,0.0,1,0.00,0.0000,0,0,0,0.00,0.0000,0.0,0.0,0,0.0,0.0,1.08,0,0
42522,0.30,-0.05,0.94,0.20,0.05,0.98,1009.86,49.47,0.00,0.00,0.00,0.00,0.0000,0.0000,0.0000,0.0000,IDLE,0.0,1,0.00,0.0000,0,0,0,0.00,0.0000,0.0,0.0,0,0.0,0.0,1.08,0,0
42572,0.30,-0.04,0.94,0.20,0.00,0.98,1009.80,49.47,0.00,0.00,0.00,0.00,0.0000,0.0000,0.0000,0.0000,IDLE,0.0,1,0.00,0.0000,0,0,0,0.00,0.0000,0.0,0.0,0,0.0,0.0,1.08,0,0
42622,0.31,-0.05,0.95,0.20,0.05,0.98,1009.82,49.47,0.00,0.00,0.00,0.00,0.0000,0.0000,0.0000,0.0000,IDLE,0.0,1,0.00,0.0000,0,0,0,0.00,0.0000,0.0,0.0,0,0.0,0.0,1.08,0,0
42672,0.31,-0.05,0.94,0.15,0.05,0.98,1009.79,49.46,0.00,0.00,0.00,0.00,0.0000,0.0000,0.0000,0.0000,IDLE,0.0,1,0.00,0.0000,0,0,0,0.00,0.0000,0.0,0.0,0,0.0,0.0,1.08,0,0
42722,0.31,-0.05,0.93,0.20,0.05,0.98,1009.86,49.46,0.00,0.00,0.00,0.00,0.0000,0.0000,0.0000,0.0000,IDLE,0.0,1,0.00,0.0000,0,0,0,0.00,0.0000,0.0,0.0,0,0.0,0.0,1.08,0,0
42772,0.31,-0.05,0.94,0.20,0.00,1.03,1009.85,49.47,0.00,0.00,0.00,0.00,0.0000,0.0000,0.0000,0.0000,IDLE,0.0,1,0.00,0.0000,0,0,0,0.00,0.0000,0.0,0.0,0,0.0,0.0,1.08,0,0
42822,0.30,-0.05,0.94,0.20,0.00,1.03,1009.85,49.46,0.00,0.00,0.00,0.00,0.0000,0.0000,0.0000,0.0000,IDLE,0.0,1,0.00,0.0000,0,0,0,0.00,0.0000,0.0,0.0,0,0.0,0.0,1.08,0,0
42872,0.31,-0.05,0.94,0.20,0.05,0.98,1009.82,49.46,0.00,0.00,0.00,0.00,0.0000,0.0000,0.0000,0.0000,IDLE,0.0,1,0.00,0.0000,0,0,0,0.00,0.0000,0.0,0.0,0,0.0,0.0,1.08,0,0
42922,0.31,-0.05,0.94,0.20,0.05,1.03,1009.81,49.45,0.00,0.00,0.00,0.00,0.0000,0.0000,0.0000,0.0000,IDLE,0.0,1,0.00,0.0000,0,0,0,0.00,0.0000,0.0,0.0,0,0.0,0.0,1.08,0,0
42972,0.30,-0.05,0.94,0.20,0.05,1.03,1009.88,49.45,0.00,0.00,0.00,0.00,0.0000,0.0000,0.0000,0.0000,IDLE,0.0,1,0.00,0.0000,0,0,0,0.00,0.0000,0.0,0.0,0,0.0,0.0,1.08,0,0
43022,0.32,-0.05,0.94,0.20,0.05,1.03,1009.82,49.45,0.00,0.00,0.00,0.00,0.0000,0.0000,0.0000,0.0000,IDLE,0.0,1,0.00,0.0000,0,0,0,0.00,0.0000,0.0,0.0,0,0.0,0.0,1.08,0,0
43072,0.30,-0.05,0.94,0.20,0.00,0.98,1009.84,49.45,0.00,0.00,0.00,0.00,0.0000,0.0000,0.0000,0.0000,IDLE,0.0,1,0.00,0.0000,0,0,0,0.00,0.0000,0.0,0.0,0,0.0,0.0,1.08,0,0
43122,0.28,-0.04,0.93,0.20,0.05,0.98,1009.86,49.45,0.00,0.00,0.00,0.00,0.0000,0.0000,0.0000,0.0000,IDLE,0.0,1,0.00,0.0000,0,0,0,0.00,0.0000,0.0,0.0,0,0.0,0.0,1.08,0,0
43172,0.31,-0.05,0.92,0.15,0.05,1.03,1009.81,49.45,0.00,0.00,0.00,0.00,0.0000,0.0000,0.0000,0.0000,IDLE,0.0,1,0.00,0.0000,0,0,0,0.00,0.0000,0.0,0.0,0,0.0,0.0,1.08,0,0
43222,0.32,-0.05,0.97,0.20,0.05,1.08,1009.85,49.44,0.00,0.00,0.00,0.00,0.0000,0.0000,0.0000,0.0000,IDLE,0.0,1,0.00,0.0000,0,0,0,0.00,0.0000,0.0,0.0,0,0.0,0.0,1.08,0,0
43272,0.29,-0.05,0.95,0.15,0.05,0.98,1009.80,49.44,0.00,0.00,0.00,0.00,0.0000,0.0000,0.0000,0.0000,IDLE,0.0,1,0.00,0.0000,0,0,0,0.00,0.0000,0.0,0.0,0,0.0,0.0,1.08,0,0
43322,0.30,-0.04,0.94,0.20,0.05,1.03,1009.83,49.44,0.00,0.00,0.00,0.00,0.0000,0.0000,0.0000,0.0000,IDLE,0.0,1,0.00,0.0000,0,0,0,0.00,0.0000,0.0,0.0,0,0.0,0.0,1.08,0,0
43372,0.30,-0.04,0.93,0.15,0.00,0.98,1009.86,49.44,0.00,0.00,0.00,0.00,0.0000,0.0000,0.0000,0.0000,IDLE,0.0,1,0.00,0.0000,0,0,0,0.00,0.0000,0.0,0.0,0,0.0,0.0,1.08,0,0
43421,0.32,-0.05,0.93,0.10,0.05,1.03,1009.82,49.43,0.00,0.00,0.00,0.00,0.0000,0.0000,0.0000,0.0000,IDLE,0.0,1,0.00,0.0000,0,0,0,0.00,0.0000,0.0,0.0,0,0.0,0.0,1.08,0,0
43472,0.30,-0.05,0.93,0.20,0.00,0.98,1009.83,49.43,0.00,0.00,0.00,0.00,0.0000,0.0000,0.0000,0.0000,IDLE,0.0,1,0.00,0.0000,0,0,0,0.00,0.0000,0.0,0.0,0,0.0,0.0,1.08,0,0
43522,0.32,-0.04,0.94,0.15,0.00,1.03,1009.81,49.43,0.00,0.00,0.00,0.00,0.0000,0.0000,0.0000,0.0000,IDLE,0.0,1,0.00,0.0000,0,0,0,0.00,0.0000,0.0,0.0,0,0.0,0.0,1.08,0,0
43572,0.29,-0.05,0.94,0.20,0.00,0.98,1009.85,49.44,0.00,0.00,0.00,0.00,0.0000,0.0000,0.0000,0.0000,IDLE,0.0,1,0.00,0.0000,0,0,0,0.00,0.0000,0.0,0.0,0,0.0,0.0,1.08,0,0
43622,0.30,-0.04,0.95,0.20,0.00,1.03,1009.84,49.43,0.00,0.00,0.00,0.00,0.0000,0.0000,0.0000,0.0000,IDLE,0.0,1,0.00,0.0000,0,0,0,0.00,0.0000,0.0,0.0,0,0.0,0.0,1.08,0,0
43672,0.30,-0.06,0.94,0.20,0.05,1.03,1009.85,49.43,0.00,0.00,0.00,0.00,0.0000,0.0000,0.0000,0.0000,IDLE,0.0,1,0.00,0.0000,0,0,0,0.00,0.0000,0.0,0.0,0,0.0,0.0,1.08,0,0
43722,0.30,-0.04,0.94,0.20,0.00,1.03,1009.84,49.43,0.00,0.00,0.00,0.00,0.0000,0.0000,0.0000,0.0000,IDLE,0.0,1,0.00,0.0000,0,0,0,0.00,0.0000,0.0,0.0,0,0.0,0.0,1.08,0,0
43772,0.31,-0.05,0.94,0.20,0.00,1.03,1009.85,49.43,0.00,0.00,0.00,0.00,0.0000,0.0000,0.0000,0.0000,IDLE,0.0,1,0.00,0.0000,0,0,0,0.00,0.0000,0.0,0.0,0,0.0,0.0,1.08,0,0
43822,0.31,-0.06,0.94,0.20,0.00,0.98,1009.82,49.42,0.00,0.00,0.00,0.00,0.0000,0.0000,0.0000,0.0000,IDLE,0.0,1,0.00,0.0000,0,0,0,0.00,0.0000,0.0,0.0,0,0.0,0.0,1.08,0,0
43872,0.31,-0.05,0.94,0.20,0.05,0.98,1009.85,49.42,0.00,0.00,0.00,0.00,0.0000,0.0000,0.0000,0.0000,IDLE,0.0,1,0.00,0.0000,0,0,0,0.00,0.0000,0.0,0.0,0,0.0,0.0,1.08,0,0
43922,0.31,-0.04,0.94,0.20,0.05,0.98,1009.84,49.41,0.00,0.00,0.00,0.00,0.0000,0.0000,0.0000,0.0000,IDLE,0.0,1,0.00,0.0000,0,0,0,0.00,0.0000,0.0,0.0,0,0.0,0.0,1.08,0,0
43972,0.30,-0.05,0.94,0.15,0.05,0.98,1009.84,49.41,0.00,0.00,0.00,0.00,0.0000,0.0000,0.0000,0.0000,IDLE,0.0,1,0.00,0.0000,0,0,0,0.00,0.0000,0.0,0.0,0,0.0,0.0,1.08,0,0
44022,0.30,-0.04,0.94,0.15,0.05,0.93,1009.78,49.41,0.00,0.00,0.00,0.00,0.0000,0.0000,0.0000,0.0000,IDLE,0.0,1,0.00,0.0000,0,0,0,0.00,0.0000,0.0,0.0,0,0.0,0.0,1.08,0,0
44072,0.31,-0.06,0.94,0.15,0.00,1.03,1009.86,49.41,0.00,0.00,0.00,0.00,0.0000,0.0000,0.0000,0.0000,IDLE,0.0,1,0.00,0.0000,0,0,0,0.00,0.0000,0.0,0.0,0,0.0,0.0,1.08,0,0
44122,0.30,-0.04,0.94,0.20,0.00,0.98,1009.82,49.41,0.00,0.00,0.00,0.00,0.0000,0.0000,0.0000,0.0000,IDLE,0.0,1,0.00,0.0000,0,0,0,0.00,0.0000,0.0,0.0,0,0.0,0.0,1.08,0,0
44172,0.31,-0.05,0.94,0.15,0.05,1.03,1009.78,49.41,0.00,0.00,0.00,0.00,0.0000,0.0000,0.0000,0.0000,IDLE,0.0,1,0.00,0.0000,0,0,0,0.00,0.0000,0.0,0.0,0,0.0,0.0,1.08,0,0
44222,0.30,-0.04,0.94,0.20,0.05,0.98,1009.84,49.40,0.00,0.00,0.00,0.00,0.0000,0.0000,0.0000,0.0000,IDLE,0.0,1,0.00,0.0000,0,0,0,0.00,0.0000,0.0,0.0,0,0.0,0.0,1.08,0,0
44272,0.30,-0.04,0.94,0.20,0.05,1.03,1009.83,49.40,0.00,0.00,0.00,0.00,0.0000,0.0000,0.0000,0.0000,IDLE,0.0,1,0.00,0.0000,0,0,0,0.00,0.0000,0.0,0.0,0,0.0,0.0,1.08,0,0
44322,0.31,-0.05,0.94,0.20,0.00,0.98,1009.86,49.40,0.00,0.00,0.00,0.00,0.0000,0.0000,0.0000,0.0000,IDLE,0.0,1,0.00,0.0000,0,0,0,0.00,0.0000,0.0,0.0,0,0.0,0.0,1.08,0,0
44372,0.30,-0.04,0.94,0.15,0.05,0.98,1009.88,49.40,0.00,0.00,0.00,0.00,0.0000,0.0000,0.0000,0.0000,IDLE,0.0,1,0.00,0.0000,0,0,0,0.00,0.0000,0.0,0.0,0,0.0,0.0,1.08,0,0
44422,0.30,-0.05,0.92,0.20,0.00,1.03,1009.85,49.40,0.00,0.00,0.00,0.00,0.0000,0.0000,0.0000,0.0000,IDLE,0.0,1,0.00,0.0000,0,0,0,0.00,0.0000,0.0,0.0,0,0.0,0.0,1.08,0,0
44472,0.34,-0.06,0.95,0.15,0.05,1.03,1009.82,49.40,0.00,0.00,0.00,0.00,0.0000,0.0000,0.0000,0.0000,IDLE,0.0,1,0.00,0.0000,0,0,0,0.00,0.0000,0.0,0.0,0,0.0,0.0,1.08,0,0
44522,0.28,-0.05,0.94,0.24,0.05,0.93,1009.86,49.39,0.00,0.00,0.00,0.00,0.0000,0.0000,0.0000,0.0000,IDLE,0.0,1,0.00,0.0000,0,0,0,0.00,0.0000,0.0,0.0,0,0.0,0.0,1.08,0,0
44572,0.30,-0.04,0.95,0.20,0.05,0.98,1009.83,49.39,0.00,0.00,0.00,0.00,0.0000,0.0000,0.0000,0.0000,IDLE,0.0,1,0.00,0.0000,0,0,0,0.00,0.0000,0.0,0.0,0,0.0,0.0,1.08,0,0
44622,0.30,-0.05,0.94,0.20,0.10,1.03,1009.82,49.38,0.00,0.00,0.00,0.00,0.0000,0.0000,0.0000,0.0000,IDLE,0.0,1,0.00,0.0000,0,0,0,0.00,0.0000,0.0,0.0,0,0.0,0.0,1.08,0,0
44672,0.31,-0.04,0.94,0.20,0.00,0.98,1009.80,49.39,0.00,0.00,0.00,0.00,0.0000,0.0000,0.0000,0.0000,IDLE,0.0,1,0.00,0.0000,0,0,0,0.00,0.0000,0.0,0.0,0,0.0,0.0,1.08,0,0
44722,0.32,-0.06,0.95,0.15,0.00,0.98,1009.86,49.39,0.00,0.00,0.00,0.00,0.0000,0.0000,0.0000,0.0000,IDLE,0.0,1,0.00,0.0000,0,0,0,0.00,0.0000,0.0,0.0,0,0.0,0.0,1.08,0,0
44772,0.29,-0.05,0.94,0.15,0.05,0.98,1009.87,49.38,0.00,0.00,0.00,0.00,0.0000,0.0000,0.0000,0.0000,IDLE,0.0,1,0.00,0.0000,0,0,0,0.00,0.0000,0.0,0.0,0,0.0,0.0,1.08,0,0
44822,0.30,-0.04,0.94,0.20,0.05,1.08,1009.81,49.38,0.00,0.00,0.00,0.00,0.0000,0.0000,0.0000,0.0000,IDLE,0.0,1,0.00,0.0000,0,0,0,0.00,0.0000,0.0,0.0,0,0.0,0.0,1.08,0,0
44872,0.31,-0.06,0.94,0.20,0.05,1.03,1009.84,49.38,0.00,0.00,0.00,0.00,0.0000,0.0000,0.0000,0.0000,IDLE,0.0,1,0.00,0.0000,0,0,0,0.00,0.0000,0.0,0.0,0,0.0,0.0,1.08,0,0
44922,0.30,-0.05,0.93,0.20,0.00,1.03,1009.79,49.38,0.00,0.00,0.00,0.00,0.0000,0.0000,0.0000,0.0000,IDLE,0.0,1,0.00,0.0000,0,0,0,0.00,0.0000,0.0,0.0,0,0.0,0.0,1.08,0,0
44972,0.31,-0.05,0.94,0.20,0.05,1.08,1009.80,49.38,0.00,0.00,0.00,0.00,0.0000,0.0000,0.0000,0.0000,IDLE,0.0,1,0.00,0.0000,0,0,0,0.00,0.0000,0.0,0.0,0,0.0,0.0,1.08,0,0
45022,0.31,-0.05,0.95,0.20,0.05,0.98,1009.83,49.37,0.00,0.00,0.00,0.00,0.0000,0.0000,0.0000,0.0000,IDLE,0.0,1,0.00,0.0000,0,0,0,0.00,0.0000,0.0,0.0,0,0.0,0.0,1.08,0,0
45072,0.30,-0.04,0.94,0.20,0.00,1.03,1009.83,49.37,0.00,0.00,0.00,0.00,0.0000,0.0000,0.0000,0.0000,IDLE,0.0,1,0.00,0.0000,0,0,0,0.00,0.0000,0.0,0.0,0,0.0,0.0,1.08,0,0
45122,0.30,-0.05,0.94,0.15,0.05,0.98,1009.82,49.37,0.00,0.00,0.00,0.00,0.0000,0.0000,0.0000,0.0000,IDLE,0.0,1,0.00,0.0000,0,0,0,0.00,0.0000,0.0,0.0,0,0.0,0.0,1.08,0,0
45172,0.31,-0.05,0.94,0.20,0.05,0.98,1009.81,49.37,0.00,0.00,0.00,0.00,0.0000,0.0000,0.0000,0.0000,IDLE,0.0,1,0.00,0.0000,0,0,0,0.00,0.0000,0.0,0.0,0,0.0,0.0,1.08,0,0
45222,0.31,-0.05,0.94,0.20,0.05,0.98,1009.80,49.37,0.00,0.00,0.00,0.00,0.0000,0.0000,0.0000,0.0000,IDLE,0.0,1,0.00,0.0000,0,0,0,0.00,0.0000,0.0,0.0,0,0.0,0.0,1.08,0,0
45272,0.30,-0.05,0.95,0.20,0.05,1.08,1009.81,49.37,0.00,0.00,0.00,0.00,0.0000,0.0000,0.0000,0.0000,IDLE,0.0,1,0.00,0.0000,0,0,0,0.00,0.0000,0.0,0.0,0,0.0,0.0,1.08,0,0
45322,0.30,-0.05,0.94,0.20,0.05,0.98,1009.82,49.37,0.00,0.00,0.00,0.00,0.0000,0.0000,0.0000,0.0000,IDLE,0.0,1,0.00,0.0000,0,0,0,0.00,0.0000,0.0,0.0,0,0.0,0.0,1.08,0,0
45372,0.30,-0.05,0.93,0.20,0.05,1.03,1009.85,49.37,0.00,0.00,0.00,0.00,0.0000,0.0000,0.0000,0.0000,IDLE,0.0,1,0.00,0.0000,0,0,0,0.00,0.0000,0.0,0.0,0,0.0,0.0,1.08,0,0
45422,0.32,-0.06,0.94,0.20,0.05,0.98,1009.82,49.37,0.00,0.00,0.00,0.00,0.0000,0.0000,0.0000,0.0000,IDLE,0.0,1,0.00,0.0000,0,0,0,0.00,0.0000,0.0,0.0,0,0.0,0.0,1.08,0,0
45472,0.30,-0.04,0.95,0.20,0.05,0.98,1009.84,49.36,0.00,0.00,0.00,0.00,0.0000,0.0000,0.0000,0.0000,IDLE,0.0,1,0.00,0.0000,0,0,0,0.00,0.0000,0.0,0.0,0,0.0,0.0,1.08,0,0
45522,0.28,-0.04,0.92,0.15,0.05,0.93,1009.85,49.36,0.00,0.00,0.00,0.00,0.0000,0.0000,0.0000,0.0000,IDLE,0.0,1,0.00,0.0000,0,0,0,0.00,0.0000,0.0,0.0,0,0.0,0.0,1.08,0,0
45572,0.32,-0.05,0.94,0.15,0.05,0.98,1009.82,49.36,0.00,0.00,0.00,0.00,0.0000,0.0000,0.0000,0.0000,IDLE,0.0,1,0.00,0.0000,0,0,0,0.00,0.0000,0.0,0.0,0,0.0,0.0,1.08,0,0
45622,0.32,-0.06,0.95,0.15,0.00,1.03,1009.84,49.36,0.00,0.00,0.00,0.00,0.0000,0.0000,0.0000,0.0000,IDLE,0.0,1,0.00,0.0000,0,0,0,0.00,0.0000,0.0,0.0,0,0.0,0.0,1.08,0,0
45672,0.30,-0.04,0.94,0.20,0.05,1.03,1009.85,49.36,0.00,0.00,0.00,0.00,0.0000,0.0000,0.0000,0.0000,IDLE,0.0,1,0.00,0.0000,0,0,0,0.00,0.0000,0.0,0.0,0,0.0,0.0,1.08,0,0
45722,0.31,-0.05,0.94,0.15,0.05,0.93,1009.82,49.36,0.00,0.00,0.00,0.00,0.0000,0.0000,0.0000,0.0000,IDLE,0.0,1,0.00,0.0000,0,0,0,0.00,0.0000,0.0,0.0,0,0.0,0.0,1.08,0,0
45772,0.30,-0.04,0.94,0.20,0.05,0.98,1009.85,49.36,0.00,0.00,0.00,0.00,0.0000,0.0000,0.0000,0.0000,IDLE,0.0,1,0.00,0.0000,0,0,0,0.00,0.0000,0.0,0.0,0,0.0,0.0,1.08,0,0
45822,0.30,-0.04,0.94,0.24,0.05,0.98,1009.79,49.36,0.00,0.00,0.00,0.00,0.0000,0.0000,0.0000,0.0000,IDLE,0.0,1,0.00,0.0000,0,0,0,0.00,0.0000,0.0,0.0,0,0.0,0.0,1.08,0,0
45872,0.32,-0.06,0.95,0.15,0.05,1.03,1009.86,49.35,0.00,0.00,0.00,0.00,0.0000,0.0000,0.0000,0.0000,IDLE,0.0,1,0.00,0.0000,0,0,0,0.00,0.0000,0.0,0.0,0,0.0,0.0,1.08,0,0
45922,0.30,-0.05,0.95,0.15,0.05,1.08,1009.84,49.35,0.00,0.00,0.00,0.00,0.0000,0.0000,0.0000,0.0000,IDLE,0.0,1,0.00,0.0000,0,0,0,0.00,0.0000,0.0,0.0,0,0.0,0.0,1.08,0,0
45972,0.29,-0.04,0.94,0.24,0.00,1.03,1009.83,49.35,0.00,0.00,0.00,0.00,0.0000,0.0000,0.0000,0.0000,IDLE,0.0,1,0.00,0.0000,0,0,0,0.00,0.0000,0.0,0.0,0,0.0,0.0,1.08,0,0
46022,0.32,-0.06,0.94,0.20,0.05,1.03,1009.84,49.35,0.00,0.00,0.00,0.00,0.0000,0.0000,0.0000,0.0000,IDLE,0.0,1,0.00,0.0000,0,0,0,0.00,0.0000,0.0,0.0,0,0.0,0.0,1.08,0,0
46072,0.29,-0.04,0.93,0.24,0.05,0.98,1009.87,49.35,0.00,0.00,0.00,0.00,0.0000,0.0000,0.0000,0.0000,IDLE,0.0,1,0.00,0.0000,0,0,0,0.00,0.0000,0.0,0.0,0,0.0,0.0,1.08,0,0
46122,0.31,-0.05,0.95,0.24,0.00,0.98,1009.83,49.35,0.00,0.00,0.00,0.00,0.0000,0.0000,0.0000,0.0000,IDLE,0.0,1,0.00,0.0000,0,0,0,0.00,0.0000,0.0,0.0,0,0.0,0.0,1.08,0,0
46172,0.30,-0.06,0.94,0.15,0.05,1.03,1009.87,49.34,0.00,0.00,0.00,0.00,0.0000,0.0000,0.0000,0.0000,IDLE,0.0,1,0.00,0.0000,0,0,0,0.00,0.0000,0.0,0.0,0,0.0,0.0,1.08,0,0
46222,0.31,-0.04,0.94,0.20,0.05,0.93,1009.81,49.34,0.00,0.00,0.00,0.00,0.0000,0.0000,0.0000,0.0000,IDLE,0.0,1,0.00,0.0000,0,0,0,0.00,0.0000,0.0,0.0,0,0.0,0.0,1.08,0,0
46272,0.30,-0.05,0.94,0.24,0.05,0.98,1009.84,49.34,0.00,0.00,0.00,0.00,0.0000,0.0000,0.0000,0.0000,IDLE,0.0,1,0.00,0.0000,0,0,0,0.00,0.0000,0.0,0.0,0,0.0,0.0,1.08,0,0
46322,0.30,-0.04,0.92,0.15,0.05,0.98,1009.76,49.34,0.00,0.00,0.00,0.00,0.0000,0.0000,0.0000,0.0000,IDLE,0.0,1,0.00,0.0000,0,0,0,0.00,0.0000,0.0,0.0,0,0.0,0.0,1.08,0,0
46492,0.28,-0.04,0.93,0.20,0.05,0.93,1009.85,49.34,0.00,0.00,0.00,0.00,0.0000,0.0000,0.0000,0.0000,IDLE,0.0,1,0.00,0.0000,0,0,0,0.00,0.0000,0.0,0.0,0,0.0,0.0,1.08,0,0
46498,0.29,-0.05,0.92,0.20,0.05,0.93,1009.85,49.34,0.00,0.00,0.00,0.00,0.0000,0.0000,0.0000,0.0000,IDLE,0.0,1,0.00,0.0000,0,0,0,0.00,0.0000,0.0,0.0,0,0.0,0.0,1.08,0,0
46548,0.32,-0.04,0.94,0.20,0.05,1.03,1009.82,49.34,0.00,0.00,0.00,0.00,0.0000,0.0000,0.0000,0.0000,IDLE,0.0,1,0.00,0.0000,0,0,0,0.00,0.0000,0.0,0.0,0,0.0,0.0,1.08,0,0
46598,0.30,-0.06,0.94,0.20,0.00,0.98,1009.83,49.33,0.00,0.00,0.00,0.00,0.0000,0.0000,0.0000,0.0000,IDLE,0.0,1,0.00,0.0000,0,0,0,0.00,0.0000,0.0,0.0,0,0.0,0.0,1.08,0,0
46648,0.30,-0.04,0.96,0.20,0.00,0.98,1009.84,49.33,0.00,0.00,0.00,0.00,0.0000,0.0000,0.0000,0.0000,IDLE,0.0,1,0.00,0.0000,0,0,0,0.00,0.0000,0.0,0.0,0,0.0,0.0,1.08,0,0
46698,0.30,-0.05,0.95,0.20,0.05,0.98,1009.84,49.33,0.00,0.00,0.00,0.00,0.0000,0.0000,0.0000,0.0000,IDLE,0.0,1,0.00,0.0000,0,0,0,0.00,0.0000,0.0,0.0,0,0.0,0.0,1.08,0,0
46748,0.30,-0.05,0.93,0.20,0.00,1.03,1009.89,49.33,0.00,0.00,0.00,0.00,0.0000,0.0000,0.0000,0.0000,IDLE,0.0,1,0.00,0.0000,0,0,0,0.00,0.0000,0.0,0.0,0,0.0,0.0,1.08,0,0
46798,0.31,-0.04,0.93,0.15,0.05,0.98,1009.86,49.33,0.00,0.00,0.00,0.00,0.0000,0.0000,0.0000,0.0000,IDLE,0.0,1,0.00,0.0000,0,0,0,0.00,0.0000,0.0,0.0,0,0.0,0.0,1.08,0,0
46848,0.32,-0.06,0.94,0.24,0.05,1.03,1009.79,49.33,0.00,0.00,0.00,0.00,0.0000,0.0000,0.0000,0.0000,IDLE,0.0,1,0.00,0.0000,0,0,0,0.00,0.0000,0.0,0.0,0,0.0,0.0,1.08,0,0
46898,0.32,-0.05,0.95,0.24,0.00,1.03,1009.83,49.33,0.00,0.00,0.00,0.00,0.0000,0.0000,0.0000,0.0000,IDLE,0.0,1,0.00,0.0000,0,0,0,0.00,0.0000,0.0,0.0,0,0.0,0.0,1.08,0,0
46948,0.28,-0.04,0.93,0.20,0.05,1.03,1009.84,49.33,0.00,0.00,0.00,0.00,0.0000,0.0000,0.0000,0.0000,IDLE,0.0,1,0.00,0.0000,0,0,0,0.00,0.0000,0.0,0.0,0,0.0,0.0,1.08,0,0
46998,0.33,-0.05,0.94,0.20,0.05,0.98,1009.83,49.33,0.00,0.00,0.00,0.00,0.0000,0.0000,0.0000,0.0000,IDLE,0.0,1,0.00,0.0000,0,0,0,0.00,0.0000,0.0,0.0,0,0.0,0.0,1.08,0,0
47048,0.31,-0.05,0.94,0.20,0.00,1.08,1009.84,49.33,0.00,0.00,0.00,0.00,0.0000,0.0000,0.0000,0.0000,IDLE,0.0,1,0.00,0.0000,0,0,0,0.00,0.0000,0.0,0.0,0,0.0,0.0,1.08,0,0
47098,0.28,-0.04,0.94,0.15,0.00,1.03,1009.79,49.33,0.00,0.00,0.00,0.00,0.0000,0.0000,0.0000,0.0000,IDLE,0.0,1,0.00,0.0000,0,0,0,0.00,0.0000,0.0,0.0,0,0.0,0.0,1.08,0,0
47148,0.29,-0.04,0.93,0.20,0.05,0.98,1009.82,49.33,0.00,0.00,0.00,0.00,0.0000,0.0000,0.0000,0.0000,IDLE,0.0,1,0.00,0.0000,0,0,0,0.00,0.0000,0.0,0.0,0,0.0,0.0,1.08,0,0
47198,0.34,-0.06,0.94,0.15,0.05,1.03,1009.83,49.32,0.00,0.00,0.00,0.00,0.0000,0.0000,0.0000,0.0000,IDLE,0.0,1,0.00,0.0000,0,0,0,0.00,0.0000,0.0,0.0,0,0.0,0.0,1.08,0,0
47248,0.32,-0.06,0.95,0.15,0.05,0.93,1009.85,49.32,0.00,0.00,0.00,0.00,0.0000,0.0000,0.0000,0.0000,IDLE,0.0,1,0.00,0.0000,0,0,0,0.00,0.0000,0.0,0.0,0,0.0,0.0,1.08,0,0
47298,0.28,-0.04,0.93,0.24,0.05,1.03,1009.88,49.32,0.00,0.00,0.00,0.00,0.0000,0.0000,0.0000,0.0000,IDLE,0.0,1,0.00,0.0000,0,0,0,0.00,0.0000,0.0,0.0,0,0.0,0.0,1.08,0,0
47348,0.32,-0.05,0.94,0.20,0.05,0.98,1009.84,49.32,0.00,0.00,0.00,0.00,0.0000,0.0000,0.0000,0.0000,IDLE,0.0,1,0.00,0.0000,0,0,0,0.00,0.0000,0.0,0.0,0,0.0,0.0,1.08,0,0
47398,0.32,-0.05,0.93,0.20,0.05,1.03,1009.86,49.32,0.00,0.00,0.00,0.00,0.0000,0.0000,0.0000,0.0000,IDLE,0.0,1,0.00,0.0000,0,0,0,0.00,0.0000,0.0,0.0,0,0.0,0.0,1.08,0,0
47448,0.32,-0.05,0.95,0.15,0.05,1.08,1009.83,49.32,0.00,0.00,0.00,0.00,0.0000,0.0000,0.0000,0.0000,IDLE,0.0,1,0.00,0.0000,0,0,0,0.00,0.0000,0.0,0.0,0,0.0,0.0,1.08,0,0
47498,0.29,-0.04,0.94,0.20,0.05,1.03,1009.82,49.32,0.00,0.00,0.00,0.00,0.0000,0.0000,0.0000,0.0000,IDLE,0.0,1,0.00,0.0000,0,0,0,0.00,0.0000,0.0,0.0,0,0.0,0.0,1.08,0,0
47548,0.30,-0.04,0.94,0.20,0.05,0.98,1009.82,49.31,0.00,0.00,0.00,0.00,0.0000,0.0000,0.0000,0.0000,IDLE,0.0,1,0.00,0.0000,0,0,0,0.00,0.0000,0.0,0.0,0,0.0,0.0,1.08,0,0
47598,0.32,-0.06,0.94,0.15,0.05,1.03,1009.84,49.31,0.00,0.00,0.00,0.00,0.0000,0.0000,0.0000,0.0000,IDLE,0.0,1,0.00,0.0000,0,0,0,0.00,0.0000,0.0,0.0,0,0.0,0.0,1.08,0,0
47648,0.30,-0.04,0.94,0.20,0.00,0.93,1009.87,49.31,0.00,0.00,0.00,0.00,0.0000,0.0000,0.0000,0.0000,IDLE,0.0,1,0.00,0.0000,0,0,0,0.00,0.0000,0.0,0.0,0,0.0,0.0,1.08,0,0
47698,0.31,-0.05,0.94,0.20,0.05,1.03,1009.79,49.31,0.00,0.00,0.00,0.00,0.0000,0.0000,0.0000,0.0000,IDLE,0.0,1,0.00,0.0000,0,0,0,0.00,0.0000,0.0,0.0,0,0.0,0.0,1.08,0,0
47748,0.31,-0.06,0.94,0.20,0.05,0.98,1009.82,49.31,0.00,0.00,0.00,0.00,0.0000,0.0000,0.0000,0.0000,IDLE,0.0,1,0.00,0.0000,0,0,0,0.00,0.0000,0.0,0.0,0,0.0,0.0,1.08,0,0
47798,0.31,-0.05,0.94,0.15,0.05,0.98,1009.81,49.30,0.00,0.00,0.00,0.00,0.0000,0.0000,0.0000,0.0000,IDLE,0.0,1,0.00,0.0000,0,0,0,0.00,0.0000,0.0,0.0,0,0.0,0.0,1.08,0,0
47848,0.30,-0.05,0.94,0.20,0.00,0.98,1009.82,49.30,0.00,0.00,0.00,0.00,0.0000,0.0000,0.0000,0.0000,IDLE,0.0,1,0.00,0.0000,0,0,0,0.00,0.0000,0.0,0.0,0,0.0,0.0,1.08,0,0
47898,0.30,-0.05,0.95,0.24,0.05,1.03,1009.85,49.30,0.00,0.00,0.00,0.00,0.0000,0.0000,0.0000,0.0000,IDLE,0.0,1,0.00,0.0000,0,0,0,0.00,0.0000,0.0,0.0,0,0.0,0.0,1.08,0,0
47948,0.31,-0.05,0.95,0.15,0.05,0.98,1009.83,49.29,0.00,0.00,0.00,0.00,0.0000,0.0000,0.0000,0.0000,IDLE,0.0,1,0.00,0.0000,0,0,0,0.00,0.0000,0.0,0.0,0,0.0,0.0,1.08,0,0
47998,0.30,-0.05,0.94,0.20,0.05,1.03,1009.80,49.30,0.00,0.00,0.00,0.00,0.0000,0.0000,0.0000,0.0000,IDLE,0.0,1,0.00,0.0000,0,0,0,0.00,0.0000,0.0,0.0,0,0.0,0.0,1.08,0,0
48048,0.31,-0.05,0.94,0.15,0.05,1.03,1009.84,49.30,0.00,0.00,0.00,0.00,0.0000,0.0000,0.0000,0.0000,IDLE,0.0,1,0.00,0.0000,0,0,0,0.00,0.0000,0.0,0.0,0,0.0,0.0,1.08,0,0
48098,0.30,-0.05,0.95,0.24,0.05,1.03,1009.83,49.29,0.00,0.00,0.00,0.00,0.0000,0.0000,0.0000,0.0000,IDLE,0.0,1,0.00,0.0000,0,0,0,0.00,0.0000,0.0,0.0,0,0.0,0.0,1.08,0,0
48148,0.30,-0.04,0.94,0.20,0.05,0.98,1009.87,49.29,0.00,0.00,0.00,0.00,0.0000,0.0000,0.0000,0.0000,IDLE,0.0,1,0.00,0.0000,0,0,0,0.00,0.0000,0.0,0.0,0,0.0,0.0,1.08,0,0
48198,0.33,-0.05,0.95,0.15,0.05,1.03,1009.85,49.30,0.00,0.00,0.00,0.00,0.0000,0.0000,0.0000,0.0000,IDLE,0.0,1,0.00,0.0000,0,0,0,0.00,0.0000,0.0,0.0,0,0.0,0.0,1.08,0,0
48248,0.30,-0.05,0.94,0.20,0.00,0.98,1009.81,49.29,0.00,0.00,0.00,0.00,0.0000,0.0000,0.0000,0.0000,IDLE,0.0,1,0.00,0.0000,0,0,0,0.00,0.0000,0.0,0.0,0,0.0,0.0,1.08,0,0
48298,0.31,-0.04,0.94,0.20,0.05,1.03,1009.84,49.29,0.00,0.00,0.00,0.00,0.0000,0.0000,0.0000,0.0000,IDLE,0.0,1,0.00,0.0000,0,0,0,0.00,0.0000,0.0,0.0,0,0.0,0.0,1.08,0,0
48348,0.30,-0.05,0.94,0.20,0.05,1.03,1009.81,49.29,0.00,0.00,0.00,0.00,0.0000,0.0000,0.0000,0.0000,IDLE,0.0,1,0.00,0.0000,0,0,0,0.00,0.0000,0.0,0.0,0,0.0,0.0,1.08,0,0
48398,0.31,-0.05,0.94,0.15,0.05,0.98,1009.81,49.29,0.00,0.00,0.00,0.00,0.0000,0.0000,0.0000,0.0000,IDLE,0.0,1,0.00,0.0000,0,0,0,0.00,0.0000,0.0,0.0,0,0.0,0.0,1.08,0,0
48448,0.31,-0.05,0.94,0.20,0.05,1.03,1009.83,49.29,0.00,0.00,0.00,0.00,0.0000,0.0000,0.0000,0.0000,IDLE,0.0,1,0.00,0.0000,0,0,0,0.00,0.0000,0.0,0.0,0,0.0,0.0,1.08,0,0
48498,0.30,-0.05,0.94,0.20,0.05,0.93,1009.81,49.29,0.00,0.00,0.00,0.00,0.0000,0.0000,0.0000,0.0000,IDLE,0.0,1,0.00,0.0000,0,0,0,0.00,0.0000,0.0,0.0,0,0.0,0.0,1.08,0,0
48548,0.32,-0.05,0.94,0.20,0.05,0.98,1009.85,49.29,0.00,0.00,0.00,0.00,0.0000,0.0000,0.0000,0.0000,IDLE,0.0,1,0.00,0.0000,0,0,0,0.00,0.0000,0.0,0.0,0,0.0,0.0,1.08,0,0
48598,0.32,-0.05,0.95,0.15,0.05,1.08,1009.88,49.28,0.00,0.00,0.00,0.00,0.0000,0.0000,0.0000,0.0000,IDLE,0.0,1,0.00,0.0000,0,0,0,0.00,0.0000,0.0,0.0,0,0.0,0.0,1.08,0,0
48648,0.29,-0.04,0.94,0.10,0.05,0.93,1009.86,49.28,0.00,0.00,0.00,0.00,0.0000,0.0000,0.0000,0.0000,IDLE,0.0,1,0.00,0.0000,0,0,0,0.00,0.0000,0.0,0.0,0,0.0,0.0,1.08,0,0
48698,0.31,-0.05,0.94,0.20,0.00,1.08,1009.84,49.28,0.00,0.00,0.00,0.00,0.0000,0.0000,0.0000,0.0000,IDLE,0.0,1,0.00,0.0000,0,0,0,0.00,0.0000,0.0,0.0,0,0.0,0.0,1.08,0,0
48748,0.30,-0.05,0.94,0.15,0.05,1.03,1009.82,49.28,0.00,0.00,0.00,0.00,0.0000,0.0000,0.0000,0.0000,IDLE,0.0,1,0.00,0.0000,0,0,0,0.00,0.0000,0.0,0.0,0,0.0,0.0,1.08,0,0
48798,0.30,-0.04,0.94,0.20,0.05,0.98,1009.89,49.28,0.00,0.00,0.00,0.00,0.0000,0.0000,0.0000,0.0000,IDLE,0.0,1,0.00,0.0000,0,0,0,0.00,0.0000,0.0,0.0,0,0.0,0.0,1.08,0,0
48848,0.31,-0.05,0.94,0.20,0.05,0.98,1009.81,49.28,0.00,0.00,0.00,0.00,0.0000,0.0000,0.0000,0.0000,IDLE,0.0,1,0.00,0.0000,0,0,0,0.00,0.0000,0.0,0.0,0,0.0,0.0,1.08,0,0
48898,0.31,-0.06,0.94,0.20,0.00,1.08,1009.82,49.28,0.00,0.00,0.00,0.00,0.0000,0.0000,0.0000,0.0000,IDLE,0.0,1,0.00,0.0000,0,0,0,0.00,0.0000,0.0,0.0,0,0.0,0.0,1.08,0,0
48948,0.30,-0.04,0.93,0.20,0.05,0.98,1009.81,49.27,0.00,0.00,0.00,0.00,0.0000,0.0000,0.0000,0.0000,IDLE,0.0,1,0.00,0.0000,0,0,0,0.00,0.0000,0.0,0.0,0,0.0,0.0,1.08,0,0
48998,0.33,-0.05,0.95,0.20,0.05,1.03,1009.84,49.27,0.00,0.00,0.00,0.00,0.0000,0.0000,0.0000,0.0000,IDLE,0.0,1,0.00,0.0000,0,0,0,0.00,0.0000,0.0,0.0,0,0.0,0.0,1.08,0,0
49048,0.30,-0.04,0.94,0.20,0.05,1.03,1009.86,49.26,0.00,0.00,0.00,0.00,0.0000,0.0000,0.0000,0.0000,IDLE,0.0,1,0.00,0.0000,0,0,0,0.00,0.0000,0.0,0.0,0,0.0,0.0,1.08,0,0
49098,0.31,-0.04,0.94,0.20,0.00,1.03,1009.85,49.27,0.00,0.00,0.00,0.00,0.0000,0.0000,0.0000,0.0000,IDLE,0.0,1,0.00,0.0000,0,0,0,0.00,0.0000,0.0,0.0,0,0.0,0.0,1.08,0,0
49148,0.32,-0.06,0.94,0.24,0.00,0.98,1009.84,49.27,0.00,0.00,0.00,0.00,0.0000,0.0000,0.0000,0.0000,IDLE,0.0,1,0.00,0.0000,0,0,0,0.00,0.0000,0.0,0.0,0,0.0,0.0,1.08,0,0
49198,0.29,-0.04,0.94,0.15,0.00,0.93,1009.88,49.26,0.00,0.00,0.00,0.00,0.0000,0.0000,0.0000,0.0000,IDLE,0.0,1,0.00,0.0000,0,0,0,0.00,0.0000,0.0,0.0,0,0.0,0.0,1.08,0,0
49248,0.32,-0.06,0.94,0.20,0.05,1.03,1009.85,49.26,0.00,0.00,0.00,0.00,0.0000,0.0000,0.0000,0.0000,IDLE,0.0,1,0.00,0.0000,0,0,0,0.00,0.0000,0.0,0.0,0,0.0,0.0,1.08,0,0
49298,0.30,-0.06,0.94,0.20,0.05,0.98,1009.81,49.26,0.00,0.00,0.00,0.00,0.0000,0.0000,0.0000,0.0000,IDLE,0.0,1,0.00,0.0000,0,0,0,0.00,0.0000,0.0,0.0,0,0.0,0.0,1.08,0,0
49348,0.30,-0.04,0.94,0.20,0.05,0.98,1009.81,49.25,0.00,0.00,0.00,0.00,0.0000,0.0000,0.0000,0.0000,IDLE,0.0,1,0.00,0.0000,0,0,0,0.00,0.0000,0.0,0.0,0,0.0,0.0,1.08,0,0
49398,0.31,-0.05,0.95,0.20,0.00,1.03,1009.84,49.25,0.00,0.00,0.00,0.00,0.0000,0.0000,0.0000,0.0000,IDLE,0.0,1,0.00,0.0000,0,0,0,0.00,0.0000,0.0,0.0,0,0.0,0.0,1.08,0,0
49447,0.30,-0.05,0.93,0.15,0.05,0.98,1009.81,49.25,0.00,0.00,0.00,0.00,0.0000,0.0000,0.0000,0.0000,IDLE,0.0,1,0.00,0.0000,0,0,0,0.00,0.0000,0.0,0.0,0,0.0,0.0,1.08,0,0
49498,0.32,-0.04,0.94,0.20,0.05,0.93,1009.81,49.25,0.00,0.00,0.00,0.00,0.0000,0.0000,0.0000,0.0000,IDLE,0.0,1,0.00,0.0000,0,0,0,0.00,0.0000,0.0,0.0,0,0.0,0.0,1.08,0,0
49548,0.32,-0.06,0.95,0.20,0.05,1.03,1009.87,49.25,0.00,0.00,0.00,0.00,0.0000,0.0000,0.0000,0.0000,IDLE,0.0,1,0.00,0.0000,0,0,0,0.00,0.0000,0.0,0.0,0,0.0,0.0,1.08,0,0
49598,0.29,-0.03,0.94,0.20,0.00,1.03,1009.91,49.25,0.00,0.00,0.00,0.00,0.0000,0.0000,0.0000,0.0000,IDLE,0.0,1,0.00,0.0000,0,0,0,0.00,0.0000,0.0,0.0,0,0.0,0.0,1.08,0,0
49648,0.32,-0.06,0.96,0.24,0.00,0.98,1009.84,49.24,0.00,0.00,0.00,0.00,0.0000,0.0000,0.0000,0.0000,IDLE,0.0,1,0.00,0.0000,0,0,0,0.00,0.0000,0.0,0.0,0,0.0,0.0,1.08,0,0
49698,0.30,-0.05,0.94,0.20,0.00,0.98,1009.82,49.24,0.00,0.00,0.00,0.00,0.0000,0.0000,0.0000,0.0000,IDLE,0.0,1,0.00,0.0000,0,0,0,0.00,0.0000,0.0,0.0,0,0.0,0.0,1.08,0,0
49748,0.31,-0.04,0.94,0.20,0.10,0.98,1009.84,49.24,0.00,0.00,0.00,0.00,0.0000,0.0000,0.0000,0.0000,IDLE,0.0,1,0.00,0.0000,0,0,0,0.00,0.0000,0.0,0.0,0,0.0,0.0,1.08,0,0
49798,0.31,-0.06,0.95,0.20,0.00,0.93,1009.82,49.23,0.00,0.00,0.00,0.00,0.0000,0.0000,0.0000,0.0000,IDLE,0.0,1,0.00,0.0000,0,0,0,0.00,0.0000,0.0,0.0,0,0.0,0.0,1.08,0,0
49848,0.30,-0.04,0.94,0.20,0.00,0.98,1009.85,49.24,0.00,0.00,0.00,0.00,0.0000,0.0000,0.0000,0.0000,IDLE,0.0,1,0.00,0.0000,0,0,0,0.00,0.0000,0.0,0.0,0,0.0,0.0,1.08,0,0
49898,0.30,-0.04,0.93,0.24,0.05,0.98,1009.86,49.23,0.00,0.00,0.00,0.00,0.0000,0.0000,0.0000,0.0000,IDLE,0.0,1,0.00,0.0000,0,0,0,0.00,0.0000,0.0,0.0,0,0.0,0.0,1.08,0,0
49948,0.32,-0.06,0.94,0.15,0.05,0.98,1009.79,49.22,0.00,0.00,0.00,0.00,0.0000,0.0000,0.0000,0.0000,IDLE,0.0,1,0.00,0.0000,0,0,0,0.00,0.0000,0.0,0.0,0,0.0,0.0,1.08,0,0
49998,0.30,-0.04,0.94,0.20,0.05,0.98,1009.83,49.22,0.00,0.00,0.00,0.00,0.0000,0.0000,0.0000,0.0000,IDLE,0.0,1,0.00,0.0000,0,0,0,0.00,0.0000,0.0,0.0,0,0.0,0.0,1.08,0,0
50048,0.30,-0.04,0.94,0.20,0.05,0.93,1009.89,49.22,0.00,0.00,0.00,0.00,0.0000,0.0000,0.0000,0.0000,IDLE,0.0,1,0.00,0.0000,0,0,0,0.00,0.0000,0.0,0.0,0,0.0,0.0,1.08,0,0
50098,0.31,-0.06,0.93,0.20,0.05,0.98,1009.84,49.22,0.00,0.00,0.00,0.00,0.0000,0.0000,0.0000,0.0000,IDLE,0.0,1,0.00,0.0000,0,0,0,0.00,0.0000,0.0,0.0,0,0.0,0.0,1.08,0,0
50148,0.28,-0.04,0.93,0.20,0.05,0.98,1009.80,49.22,0.00,0.00,0.00,0.00,0.0000,0.0000,0.0000,0.0000,IDLE,0.0,1,0.00,0.0000,0,0,0,0.00,0.0000,0.0,0.0,0,0.0,0.0,1.08,0,0
50198,0.31,-0.05,0.95,0.15,0.05,1.03,1009.85,49.22,0.00,0.00,0.00,0.00,0.0000,0.0000,0.0000,0.0000,IDLE,0.0,1,0.00,0.0000,0,0,0,0.00,0.0000,0.0,0.0,0,0.0,0.0,1.08,0,0
50248,0.30,-0.05,0.94,0.20,0.05,1.03,1009.81,49.21,0.00,0.00,0.00,0.00,0.0000,0.0000,0.0000,0.0000,IDLE,0.0,1,0.00,0.0000,0,0,0,0.00,0.0000,0.0,0.0,0,0.0,0.0,1.08,0,0
50298,0.29,-0.04,0.93,0.15,0.05,0.98,1009.81,49.21,0.00,0.00,0.00,0.00,0.0000,0.0000,0.0000,0.0000,IDLE,0.0,1,0.00,0.0000,0,0,0,0.00,0.0000,0.0,0.0,0,0.0,0.0,1.08,0,0
50348,0.32,-0.05,0.94,0.15,0.05,1.03,1009.84,49.22,0.00,0.00,0.00,0.00,0.0000,0.0000,0.0000,0.0000,IDLE,0.0,1,0.00,0.0000,0,0,0,0.00,0.0000,0.0,0.0,0,0.0,0.0,1.08,0,0
50398,0.30,-0.06,0.94,0.20,0.05,0.93,1009.84,49.21,0.00,0.00,0.00,0.00,0.0000,0.0000,0.0000,0.0000,IDLE,0.0,1,0.00,0.0000,0,0,0,0.00,0.0000,0.0,0.0,0,0.0,0.0,1.08,0,0
50448,0.31,-0.04,0.94,0.15,0.00,0.98,1009.81,49.21,0.00,0.00,0.00,0.00,0.0000,0.0000,0.0000,0.0000,IDLE,0.0,1,0.00,0.0000,0,0,0,0.00,0.0000,0.0,0.0,0,0.0,0.0,1.08,0,0
50498,0.31,-0.06,0.94,0.20,0.00,1.03,1009.81,49.21,0.00,0.00,0.00,0.00,0.0000,0.0000,0.0000,0.0000,IDLE,0.0,1,0.00,0.0000,0,0,0,0.00,0.0000,0.0,0.0,0,0.0,0.0,1.08,0,0
50548,0.30,-0.04,0.94,0.20,0.00,0.98,1009.85,49.20,0.00,0.00,0.00,0.00,0.0000,0.0000,0.0000,0.0000,IDLE,0.0,1,0.00,0.0000,0,0,0,0.00,0.0000,0.0,0.0,0,0.0,0.0,1.08,0,0
50598,0.30,-0.05,0.94,0.20,0.05,0.98,1009.85,49.20,0.00,0.00,0.00,0.00,0.0000,0.0000,0.0000,0.0000,IDLE,0.0,1,0.00,0.0000,0,0,0,0.00,0.0000,0.0,0.0,0,0.0,0.0,1.08,0,0
50648,0.31,-0.05,0.94,0.20,0.05,1.03,1009.83,49.20,0.00,0.00,0.00,0.00,0.0000,0.0000,0.0000,0.0000,IDLE,0.0,1,0.00,0.0000,0,0,0,0.00,0.0000,0.0,0.0,0,0.0,0.0,1.08,0,0
50698,0.30,-0.05,0.94,0.15,0.05,0.98,1009.84,49.20,0.00,0.00,0.00,0.00,0.0000,0.0000,0.0000,0.0000,IDLE,0.0,1,0.00,0.0000,0,0,0,0.00,0.0000,0.0,0.0,0,0.0,0.0,1.08,0,0
50748,0.31,-0.05,0.94,0.20,0.05,0.98,1009.84,49.19,0.00,0.00,0.00,0.00,0.0000,0.0000,0.0000,0.0000,IDLE,0.0,1,0.00,0.0000,0,0,0,0.00,0.0000,0.0,0.0,0,0.0,0.0,1.08,0,0
50798,0.31,-0.05,0.95,0.15,0.05,0.98,1009.84,49.19,0.00,0.00,0.00,0.00,0.0000,0.0000,0.0000,0.0000,IDLE,0.0,1,0.00,0.0000,0,0,0,0.00,0.0000,0.0,0.0,0,0.0,0.0,1.08,0,0
50848,0.30,-0.04,0.94,0.20,0.05,1.03,1009.84,49.19,0.00,0.00,0.00,0.00,0.0000,0.0000,0.0000,0.0000,IDLE,0.0,1,0.00,0.0000,0,0,0,0.00,0.0000,0.0,0.0,0,0.0,0.0,1.08,0,0
50898,0.32,-0.05,0.95,0.15,0.05,0.98,1009.81,49.19,0.00,0.00,0.00,0.00,0.0000,0.0000,0.0000,0.0000,IDLE,0.0,1,0.00,0.0000,0,0,0,0.00,0.0000,0.0,0.0,0,0.0,0.0,1.08,0,0
50948,0.30,-0.05,0.94,0.15,0.05,0.98,1009.87,49.19,0.00,0.00,0.00,0.00,0.0000,0.0000,0.0000,0.0000,IDLE,0.0,1,0.00,0.0000,0,0,0,0.00,0.0000,0.0,0.0,0,0.0,0.0,1.08,0,0
50998,0.31,-0.05,0.94,0.20,0.00,0.98,1009.81,49.19,0.00,0.00,0.00,0.00,0.0000,0.0000,0.0000,0.0000,IDLE,0.0,1,0.00,0.0000,0,0,0,0.00,0.0000,0.0,0.0,0,0.0,0.0,1.08,0,0
51048,0.31,-0.05,0.94,0.20,0.05,0.98,1009.83,49.19,0.00,0.00,0.00,0.00,0.0000,0.0000,0.0000,0.0000,IDLE,0.0,1,0.00,0.0000,0,0,0,0.00,0.0000,0.0,0.0,0,0.0,0.0,1.08,0,0
51098,0.29,-0.04,0.92,0.20,0.00,0.98,1009.78,49.19,0.00,0.00,0.00,0.00,0.0000,0.0000,0.0000,0.0000,IDLE,0.0,1,0.00,0.0000,0,0,0,0.00,0.0000,0.0,0.0,0,0.0,0.0,1.08,0,0
51148,0.32,-0.06,0.95,0.15,0.05,0.98,1009.85,49.18,0.00,0.00,0.00,0.00,0.0000,0.0000,0.0000,0.0000,IDLE,0.0,1,0.00,0.0000,0,0,0,0.00,0.0000,0.0,0.0,0,0.0,0.0,1.08,0,0
51198,0.31,-0.06,0.95,0.15,0.05,0.98,1009.83,49.19,0.00,0.00,0.00,0.00,0.0000,0.0000,0.0000,0.0000,IDLE,0.0,1,0.00,0.0000,0,0,0,0.00,0.0000,0.0,0.0,0,0.0,0.0,1.08,0,0
51248,0.30,-0.04,0.94,0.15,0.05,0.98,1009.91,49.18,0.00,0.00,0.00,0.00,0.0000,0.0000,0.0000,0.0000,IDLE,0.0,1,0.00,0.0000,0,0,0,0.00,0.0000,0.0,0.0,0,0.0,0.0,1.08,0,0
51298,0.32,-0.06,0.95,0.15,0.00,1.03,1009.89,49.19,0.00,0.00,0.00,0.00,0.0000,0.0000,0.0000,0.0000,IDLE,0.0,1,0.00,0.0000,0,0,0,0.00,0.0000,0.0,0.0,0,0.0,0.0,1.08,0,0
51348,0.30,-0.05,0.94,0.15,0.05,0.98,1009.86,49.18,0.00,0.00,0.00,0.00,0.0000,0.0000,0.0000,0.0000,IDLE,0.0,1,0.00,0.0000,0,0,0,0.00,0.0000,0.0,0.0,0,0.0,0.0,1.08,0,0
51398,0.31,-0.05,0.95,0.20,0.05,0.93,1009.85,49.18,0.00,0.00,0.00,0.00,0.0000,0.0000,0.0000,0.0000,IDLE,0.0,1,0.00,0.0000,0,0,0,0.00,0.0000,0.0,0.0,0,0.0,0.0,1.08,0,0
51448,0.30,-0.05,0.94,0.20,0.05,1.03,1009.86,49.18,0.00,0.00,0.00,0.00,0.0000,0.0000,0.0000,0.0000,IDLE,0.0,1,0.00,0.0000,0,0,0,0.00,0.0000,0.0,0.0,0,0.0,0.0,1.08,0,0
51498,0.32,-0.06,0.94,0.15,0.05,1.03,1009.88,49.18,0.00,0.00,0.00,0.00,0.0000,0.0000,0.0000,0.0000,IDLE,0.0,1,0.00,0.0000,0,0,0,0.00,0.0000,0.0,0.0,0,0.0,0.0,1.08,0,0
51548,0.30,-0.05,0.94,0.20,0.05,0.98,1009.88,49.19,0.00,0.00,0.00,0.00,0.0000,0.0000,0.0000,0.0000,IDLE,0.0,1,0.00,0.0000,0,0,0,0.00,0.0000,0.0,0.0,0,0.0,0.0,1.08,0,0
51598,0.30,-0.05,0.95,0.20,0.05,1.03,1009.80,49.18,0.00,0.00,0.00,0.00,0.0000,0.0000,0.0000,0.0000,IDLE,0.0,1,0.00,0.0000,0,0,0,0.00,0.0000,0.0,0.0,0,0.0,0.0,1.08,0,0
51648,0.30,-0.04,0.94,0.15,0.00,0.98,1009.80,49.18,0.00,0.00,0.00,0.00,0.0000,0.0000,0.0000,0.0000,IDLE,0.0,1,0.00,0.0000,0,0,0,0.00,0.0000,0.0,0.0,0,0.0,0.0,1.08,0,0
51698,0.32,-0.06,0.94,0.20,0.05,1.03,1009.79,49.18,0.00,0.00,0.00,0.00,0.0000,0.0000,0.0000,0.0000,IDLE,0.0,1,0.00,0.0000,0,0,0,0.00,0.0000,0.0,0.0,0,0.0,0.0,1.08,0,0
51748,0.30,-0.05,0.94,0.15,0.05,0.98,1009.79,49.18,0.00,0.00,0.00,0.00,0.0000,0.0000,0.0000,0.0000,IDLE,0.0,1,0.00,0.0000,0,0,0,0.00,0.0000,0.0,0.0,0,0.0,0.0,1.08,0,0
51798,0.30,-0.04,0.94,0.20,0.05,1.03,1009.83,49.18,0.00,0.00,0.00,0.00,0.0000,0.0000,0.0000,0.0000,IDLE,0.0,1,0.00,0.0000,0,0,0,0.00,0.0000,0.0,0.0,0,0.0,0.0,1.08,0,0
51848,0.30,-0.06,0.94,0.20,0.05,0.98,1009.81,49.18,0.00,0.00,0.00,0.00,0.0000,0.0000,0.0000,0.0000,IDLE,0.0,1,0.00,0.0000,0,0,0,0.00,0.0000,0.0,0.0,0,0.0,0.0,1.08,0,0
51898,0.30,-0.05,0.94,0.20,0.05,1.08,1009.80,49.18,0.00,0.00,0.00,0.00,0.0000,0.0000,0.0000,0.0000,IDLE,0.0,1,0.00,0.0000,0,0,0,0.00,0.0000,0.0,0.0,0,0.0,0.0,1.08,0,0
51948,0.30,-0.05,0.94,0.20,0.05,0.98,1009.88,49.17,0.00,0.00,0.00,0.00,0.0000,0.0000,0.0000,0.0000,IDLE,0.0,1,0.00,0.0000,0,0,0,0.00,0.0000,0.0,0.0,0,0.0,0.0,1.08,0,0
51998,0.30,-0.05,0.94,0.20,0.05,0.98,1009.80,49.18,0.00,0.00,0.00,0.00,0.0000,0.0000,0.0000,0.0000,IDLE,0.0,1,0.00,0.0000,0,0,0,0.00,0.0000,0.0,0.0,0,0.0,0.0,1.08,0,0
52048,0.32,-0.05,0.95,0.20,0.05,0.98,1009.84,49.18,0.00,0.00,0.00,0.00,0.0000,0.0000,0.0000,0.0000,IDLE,0.0,1,0.00,0.0000,0,0,0,0.00,0.0000,0.0,0.0,0,0.0,0.0,1.08,0,0
52098,0.29,-0.05,0.94,0.20,0.05,1.03,1009.80,49.18,0.00,0.00,0.00,0.00,0.0000,0.0000,0.0000,0.0000,IDLE,0.0,1,0.00,0.0000,0,0,0,0.00,0.0000,0.0,0.0,0,0.0,0.0,1.08,0,0
52148,0.30,-0.04,0.94,0.10,0.00,0.98,1009.89,49.17,0.00,0.00,0.00,0.00,0.0000,0.0000,0.0000,0.0000,IDLE,0.0,1,0.00,0.0000,0,0,0,0.00,0.0000,0.0,0.0,0,0.0,0.0,1.08,0,0
52198,0.31,-0.05,0.94,0.20,0.05,0.98,1009.82,49.17,0.00,0.00,0.00,0.00,0.0000,0.0000,0.0000,0.0000,IDLE,0.0,1,0.00,0.0000,0,0,0,0.00,0.0000,0.0,0.0,0,0.0,0.0,1.08,0,0
52248,0.29,-0.04,0.94,0.20,0.00,1.03,1009.80,49.17,0.00,0.00,0.00,0.00,0.0000,0.0000,0.0000,0.0000,IDLE,0.0,1,0.00,0.0000,0,0,0,0.00,0.0000,0.0,0.0,0,0.0,0.0,1.08,0,0
52298,0.33,-0.06,0.95,0.15,0.00,1.03,1009.83,49.17,0.00,0.00,0.00,0.00,0.0000,0.0000,0.0000,0.0000,IDLE,0.0,1,0.00,0.0000,0,0,0,0.00,0.0000,0.0,0.0,0,0.0,0.0,1.08,0,0
52348,0.30,-0.06,0.94,0.20,0.05,1.03,1009.82,49.16,0.00,0.00,0.00,0.00,0.0000,0.0000,0.0000,0.0000,IDLE,0.0,1,0.00,0.0000,0,0,0,0.00,0.0000,0.0,0.0,0,0.0,0.0,1.08,0,0
52398,0.29,-0.04,0.93,0.15,0.00,0.98,1009.84,49.16,0.00,0.00,0.00,0.00,0.0000,0.0000,0.0000,0.0000,IDLE,0.0,1,0.00,0.0000,0,0,0,0.00,0.0000,0.0,0.0,0,0.0,0.0,1.08,0,0
52448,0.33,-0.05,0.94,0.20,0.05,1.03,1009.84,49.17,0.00,0.00,0.00,0.00,0.0000,0.0000,0.0000,0.0000,IDLE,0.0,1,0.00,0.0000,0,0,0,0.00,0.0000,0.0,0.0,0,0.0,0.0,1.08,0,0
52498,0.30,-0.06,0.94,0.20,0.05,0.98,1009.89,49.17,0.00,0.00,0.00,0.00,0.0000,0.0000,0.0000,0.0000,IDLE,0.0,1,0.00,0.0000,0,0,0,0.00,0.0000,0.0,0.0,0,0.0,0.0,1.08,0,0
52548,0.30,-0.04,0.94,0.15,0.05,1.03,1009.86,49.16,0.00,0.00,0.00,0.00,0.0000,0.0000,0.0000,0.0000,IDLE,0.0,1,0.00,0.0000,0,0,0,0.00,0.0000,0.0,0.0,0,0.0,0.0,1.08,0,0
52598,0.32,-0.06,0.94,0.20,0.05,0.93,1009.86,49.16,0.00,0.00,0.00,0.00,0.0000,0.0000,0.0000,0.0000,IDLE,0.0,1,0.00,0.0000,0,0,0,0.00,0.0000,0.0,0.0,0,0.0,0.0,1.08,0,0
52648,0.30,-0.05,0.94,0.15,0.05,1.03,1009.82,49.16,0.00,0.00,0.00,0.00,0.0000,0.0000,0.0000,0.0000,IDLE,0.0,1,0.00,0.0000,0,0,0,0.00,0.0000,0.0,0.0,0,0.0,0.0,1.08,0,0
52698,0.30,-0.04,0.94,0.15,0.00,0.98,1009.81,49.16,0.00,0.00,0.00,0.00,0.0000,0.0000,0.0000,0.0000,IDLE,0.0,1,0.00,0.0000,0,0,0,0.00,0.0000,0.0,0.0,0,0.0,0.0,1.08,0,0
52748,0.30,-0.05,0.94,0.20,0.00,0.98,1009.85,49.16,0.00,0.00,0.00,0.00,0.0000,0.0000,0.0000,0.0000,IDLE,0.0,1,0.00,0.0000,0,0,0,0.00,0.0000,0.0,0.0,0,0.0,0.0,1.08,0,0
52798,0.32,-0.04,0.94,0.15,0.00,0.98,1009.83,49.16,0.00,0.00,0.00,0.00,0.0000,0.0000,0.0000,0.0000,IDLE,0.0,1,0.00,0.0000,0,0,0,0.00,0.0000,0.0,0.0,0,0.0,0.0,1.08,0,0
52848,0.29,-0.05,0.94,0.20,0.00,0.93,1009.91,49.15,0.00,0.00,0.00,0.00,0.0000,0.0000,0.0000,0.0000,IDLE,0.0,1,0.00,0.0000,0,0,0,0.00,0.0000,0.0,0.0,0,0.0,0.0,1.08,0,0
52898,0.32,-0.05,0.95,0.15,0.00,0.98,1009.83,49.15,0.00,0.00,0.00,0.00,0.0000,0.0000,0.0000,0.0000,IDLE,0.0,1,0.00,0.0000,0,0,0,0.00,0.0000,0.0,0.0,0,0.0,0.0,1.08,0,0
52948,0.29,-0.05,0.94,0.20,0.00,0.98,1009.89,49.15,0.00,0.00,0.00,0.00,0.0000,0.0000,0.0000,0.0000,IDLE,0.0,1,0.00,0.0000,0,0,0,0.00,0.0000,0.0,0.0,0,0.0,0.0,1.08,0,0
52998,0.31,-0.04,0.95,0.15,0.05,1.03,1009.85,49.15,0.00,0.00,0.00,0.00,0.0000,0.0000,0.0000,0.0000,IDLE,0.0,1,0.00,0.0000,0,0,0,0.00,0.0000,0.0,0.0,0,0.0,0.0,1.08,0,0
53048,0.30,-0.05,0.94,0.20,0.05,0.98,1009.84,49.15,0.00,0.00,0.00,0.00,0.0000,0.0000,0.0000,0.0000,IDLE,0.0,1,0.00,0.0000,0,0,0,0.00,0.0000,0.0,0.0,0,0.0,0.0,1.08,0,0
53098,0.29,-0.04,0.93,0.20,0.05,1.03,1009.87,49.15,0.00,0.00,0.00,0.00,0.0000,0.0000,0.0000,0.0000,IDLE,0.0,1,0.00,0.0000,0,0,0,0.00,0.0000,0.0,0.0,0,0.0,0.0,1.08,0,0
53148,0.31,-0.04,0.96,0.24,0.00,0.98,1009.83,49.15,0.00,0.00,0.00,0.00,0.0000,0.0000,0.0000,0.0000,IDLE,0.0,1,0.00,0.0000,0,0,0,0.00,0.0000,0.0,0.0,0,0.0,0.0,1.08,0,0
53198,0.30,-0.06,0.94,0.20,0.05,0.98,1009.80,49.14,0.00,0.00,0.00,0.00,0.0000,0.0000,0.0000,0.0000,IDLE,0.0,1,0.00,0.0000,0,0,0,0.00,0.0000,0.0,0.0,0,0.0,0.0,1.08,0,0
53248,0.31,-0.04,0.94,0.20,0.00,1.03,1009.82,49.14,0.00,0.00,0.00,0.00,0.0000,0.0000,0.0000,0.0000,IDLE,0.0,1,0.00,0.0000,0,0,0,0.00,0.0000,0.0,0.0,0,0.0,0.0,1.08,0,0
53298,0.29,-0.05,0.94,0.20,0.05,1.03,1009.81,49.15,0.00,0.00,0.00,0.00,0.0000,0.0000,0.0000,0.0000,IDLE,0.0,1,0.00,0.0000,0,0,0,0.00,0.0000,0.0,0.0,0,0.0,0.0,1.08,0,0
53348,0.32,-0.06,0.95,0.15,0.05,0.93,1009.84,49.14,0.00,0.00,0.00,0.00,0.0000,0.0000,0.0000,0.0000,IDLE,0.0,1,0.00,0.0000,0,0,0,0.00,0.0000,0.0,0.0,0,0.0,0.0,1.08,0,0
53398,0.30,-0.05,0.94,0.15,0.05,1.03,1009.80,49.15,0.00,0.00,0.00,0.00,0.0000,0.0000,0.0000,0.0000,IDLE,0.0,1,0.00,0.0000,0,0,0,0.00,0.0000,0.0,0.0,0,0.0,0.0,1.08,0,0
53448,0.31,-0.05,0.94,0.20,0.05,0.98,1009.83,49.13,0.00,0.00,0.00,0.00,0.0000,0.0000,0.0000,0.0000,IDLE,0.0,1,0.00,0.0000,0,0,0,0.00,0.0000,0.0,0.0,0,0.0,0.0,1.08,0,0
53498,0.31,-0.06,0.94,0.20,0.05,1.03,1009.81,49.13,0.00,0.00,0.00,0.00,0.0000,0.0000,0.0000,0.0000,IDLE,0.0,1,0.00,0.0000,0,0,0,0.00,0.0000,0.0,0.0,0,0.0,0.0,1.08,0,0
53548,0.30,-0.04,0.94,0.20,0.00,0.98,1009.82,49.13,0.00,0.00,0.00,0.00,0.0000,0.0000,0.0000,0.0000,IDLE,0.0,1,0.00,0.0000,0,0,0,0.00,0.0000,0.0,0.0,0,0.0,0.0,1.08,0,0
53598,0.31,-0.06,0.94,0.15,0.00,1.03,1009.80,49.13,0.00,0.00,0.00,0.00,0.0000,0.0000,0.0000,0.0000,IDLE,0.0,1,0.00,0.0000,0,0,0,0.00,0.0000,0.0,0.0,0,0.0,0.0,1.08,0,0
53648,0.30,-0.05,0.94,0.20,0.05,1.03,1009.81,49.13,0.00,0.00,0.00,0.00,0.0000,0.0000,0.0000,0.0000,IDLE,0.0,1,0.00,0.0000,0,0,0,0.00,0.0000,0.0,0.0,0,0.0,0.0,1.08,0,0
53698,0.31,-0.05,0.94,0.24,0.05,1.03,1009.88,49.12,0.00,0.00,0.00,0.00,0.0000,0.0000,0.0000,0.0000,IDLE,0.0,1,0.00,0.0000,0,0,0,0.00,0.0000,0.0,0.0,0,0.0,0.0,1.08,0,0
53748,0.31,-0.05,0.94,0.15,0.05,0.98,1009.82,49.13,0.00,0.00,0.00,0.00,0.0000,0.0000,0.0000,0.0000,IDLE,0.0,1,0.00,0.0000,0,0,0,0.00,0.0000,0.0,0.0,0,0.0,0.0,1.08,0,0
53798,0.30,-0.05,0.94,0.15,0.05,0.98,1009.83,49.12,0.00,0.00,0.00,0.00,0.0000,0.0000,0.0000,0.0000,IDLE,0.0,1,0.00,0.0000,0,0,0,0.00,0.0000,0.0,0.0,0,0.0,0.0,1.08,0,0
53848,0.31,-0.05,0.95,0.15,0.05,0.98,1009.84,49.12,0.00,0.00,0.00,0.00,0.0000,0.0000,0.0000,0.0000,IDLE,0.0,1,0.00,0.0000,0,0,0,0.00,0.0000,0.0,0.0,0,0.0,0.0,1.08,0,0
53898,0.30,-0.05,0.94,0.20,0.05,0.98,1009.84,49.12,0.00,0.00,0.00,0.00,0.0000,0.0000,0.0000,0.0000,IDLE,0.0,1,0.00,0.0000,0,0,0,0.00,0.0000,0.0,0.0,0,0.0,0.0,1.08,0,0
53948,0.30,-0.05,0.93,0.20,0.05,1.03,1009.85,49.11,0.00,0.00,0.00,0.00,0.0000,0.0000,0.0000,0.0000,IDLE,0.0,1,0.00,0.0000,0,0,0,0.00,0.0000,0.0,0.0,0,0.0,0.0,1.08,0,0
53998,0.31,-0.06,0.94,0.20,0.05,0.98,1009.84,49.12,0.00,0.00,0.00,0.00,0.0000,0.0000,0.0000,0.0000,IDLE,0.0,1,0.00,0.0000,0,0,0,0.00,0.0000,0.0,0.0,0,0.0,0.0,1.08,0,0
54048,0.31,-0.05,0.94,0.24,0.00,1.03,1009.83,49.11,0.00,0.00,0.00,0.00,0.0000,0.0000,0.0000,0.0000,IDLE,0.0,1,0.00,0.0000,0,0,0,0.00,0.0000,0.0,0.0,0,0.0,0.0,1.08,0,0
54098,0.30,-0.04,0.94,0.20,0.05,0.93,1009.90,49.11,0.00,0.00,0.00,0.00,0.0000,0.0000,0.0000,0.0000,IDLE,0.0,1,0.00,0.0000,0,0,0,0.00,0.0000,0.0,0.0,0,0.0,0.0,1.08,0,0
54148,0.30,-0.05,0.94,0.20,0.05,0.98,1009.75,49.11,0.00,0.00,0.00,0.00,0.0000,0.0000,0.0000,0.0000,IDLE,0.0,1,0.00,0.0000,0,0,0,0.00,0.0000,0.0,0.0,0,0.0,0.0,1.08,0,0
54198,0.31,-0.05,0.94,0.20,0.00,0.98,1009.81,49.11,0.00,0.00,0.00,0.00,0.0000,0.0000,0.0000,0.0000,IDLE,0.0,1,0.00,0.0000,0,0,0,0.00,0.0000,0.0,0.0,0,0.0,0.0,1.08,0,0
54248,0.30,-0.05,0.94,0.15,0.00,0.98,1009.87,49.11,0.00,0.00,0.00,0.00,0.0000,0.0000,0.0000,0.0000,IDLE,0.0,1,0.00,0.0000,0,0,0,0.00,0.0000,0.0,0.0,0,0.0,0.0,1.08,0,0
54298,0.31,-0.05,0.93,0.20,0.05,1.08,1009.90,49.11,0.00,0.00,0.00,0.00,0.0000,0.0000,0.0000,0.0000,IDLE,0.0,1,0.00,0.0000,0,0,0,0.00,0.0000,0.0,0.0,0,0.0,0.0,1.08,0,0
54348,0.31,-0.05,0.94,0.20,0.05,1.03,1009.81,49.11,0.00,0.00,0.00,0.00,0.0000,0.0000,0.0000,0.0000,IDLE,0.0,1,0.00,0.0000,0,0,0,0.00,0.0000,0.0,0.0,0,0.0,0.0,1.08,0,0
54398,0.30,-0.05,0.95,0.15,0.05,1.03,1009.86,49.11,0.00,0.00,0.00,0.00,0.0000,0.0000,0.0000,0.0000,IDLE,0.0,1,0.00,0.0000,0,0,0,0.00,0.0000,0.0,0.0,0,0.0,0.0,1.08,0,0
54448,0.30,-0.05,0.94,0.20,0.05,0.98,1009.85,49.11,0.00,0.00,0.00,0.00,0.0000,0.0000,0.0000,0.0000,IDLE,0.0,1,0.00,0.0000,0,0,0,0.00,0.0000,0.0,0.0,0,0.0,0.0,1.08,0,0
54498,0.31,-0.05,0.94,0.20,0.05,0.98,1009.84,49.11,0.00,0.00,0.00,0.00,0.0000,0.0000,0.0000,0.0000,IDLE,0.0,1,0.00,0.0000,0,0,0,0.00,0.0000,0.0,0.0,0,0.0,0.0,1.08,0,0
54548,0.30,-0.05,0.94,0.20,0.05,1.03,1009.86,49.11,0.00,0.00,0.00,0.00,0.0000,0.0000,0.0000,0.0000,IDLE,0.0,1,0.00,0.0000,0,0,0,0.00,0.0000,0.0,0.0,0,0.0,0.0,1.08,0,0
54598,0.31,-0.05,0.94,0.20,0.05,0.93,1009.81,49.10,0.00,0.00,0.00,0.00,0.0000,0.0000,0.0000,0.0000,IDLE,0.0,1,0.00,0.0000,0,0,0,0.00,0.0000,0.0,0.0,0,0.0,0.0,1.08,0,0
54648,0.31,-0.05,0.94,0.15,0.05,1.03,1009.86,49.10,0.00,0.00,0.00,0.00,0.0000,0.0000,0.0000,0.0000,IDLE,0.0,1,0.00,0.0000,0,0,0,0.00,0.0000,0.0,0.0,0,0.0,0.0,1.08,0,0
54698,0.31,-0.05,0.95,0.20,0.05,0.98,1009.84,49.09,0.00,0.00,0.00,0.00,0.0000,0.0000,0.0000,0.0000,IDLE,0.0,1,0.00,0.0000,0,0,0,0.00,0.0000,0.0,0.0,0,0.0,0.0,1.08,0,0
54748,0.30,-0.05,0.94,0.20,0.05,0.98,1009.86,49.10,0.00,0.00,0.00,0.00,0.0000,0.0000,0.0000,0.0000,IDLE,0.0,1,0.00,0.0000,0,0,0,0.00,0.0000,0.0,0.0,0,0.0,0.0,1.08,0,0
54798,0.32,-0.05,0.94,0.15,0.05,1.03,1009.89,49.09,0.00,0.00,0.00,0.00,0.0000,0.0000,0.0000,0.0000,IDLE,0.0,1,0.00,0.0000,0,0,0,0.00,0.0000,0.0,0.0,0,0.0,0.0,1.08,0,0
54848,0.32,-0.05,0.94,0.20,0.05,0.98,1009.80,49.09,0.00,0.00,0.00,0.00,0.0000,0.0000,0.0000,0.0000,IDLE,0.0,1,0.00,0.0000,0,0,0,0.00,0.0000,0.0,0.0,0,0.0,0.0,1.08,0,0
54898,0.30,-0.05,0.94,0.20,0.00,0.98,1009.79,49.09,0.00,0.00,0.00,0.00,0.0000,0.0000,0.0000,0.0000,IDLE,0.0,1,0.00,0.0000,0,0,0,0.00,0.0000,0.0,0.0,0,0.0,0.0,1.08,0,0
54948,0.31,-0.06,0.94,0.15,0.05,0.98,1009.85,49.09,0.00,0.00,0.00,0.00,0.0000,0.0000,0.0000,0.0000,IDLE,0.0,1,0.00,0.0000,0,0,0,0.00,0.0000,0.0,0.0,0,0.0,0.0,1.08,0,0
54998,0.30,-0.05,0.94,0.20,0.00,1.03,1009.87,49.09,0.00,0.00,0.00,0.00,0.0000,0.0000,0.0000,0.0000,IDLE,0.0,1,0.00,0.0000,0,0,0,0.00,0.0000,0.0,0.0,0,0.0,0.0,1.08,0,0
55048,0.30,-0.05,0.94,0.20,0.00,1.03,1009.81,49.09,0.00,0.00,0.00,0.00,0.0000,0.0000,0.0000,0.0000,IDLE,0.0,1,0.00,0.0000,0,0,0,0.00,0.0000,0.0,0.0,0,0.0,0.0,1.08,0,0
55098,0.32,-0.06,0.94,0.15,0.05,1.03,1009.84,49.09,0.00,0.00,0.00,0.00,0.0000,0.0000,0.0000,0.0000,IDLE,0.0,1,0.00,0.0000,0,0,0,0.00,0.0000,0.0,0.0,0,0.0,0.0,1.08,0,0
55148,0.30,-0.05,0.94,0.20,0.05,0.93,1009.87,49.09,0.00,0.00,0.00,0.00,0.0000,0.0000,0.0000,0.0000,IDLE,0.0,1,0.00,0.0000,0,0,0,0.00,0.0000,0.0,0.0,0,0.0,0.0,1.08,0,0
55198,0.30,-0.05,0.94,0.20,0.00,0.98,1009.87,49.08,0.00,0.00,0.00,0.00,0.0000,0.0000,0.0000,0.0000,IDLE,0.0,1,0.00,0.0000,0,0,0,0.00,0.0000,0.0,0.0,0,0.0,0.0,1.08,0,0
55248,0.30,-0.05,0.94,0.20,0.05,1.03,1009.90,49.09,0.00,0.00,0.00,0.00,0.0000,0.0000,0.0000,0.0000,IDLE,0.0,1,0.00,0.0000,0,0,0,0.00,0.0000,0.0,0.0,0,0.0,0.0,1.08,0,0
55298,0.31,-0.05,0.94,0.24,0.00,1.03,1009.86,49.08,0.00,0.00,0.00,0.00,0.0000,0.0000,0.0000,0.0000,IDLE,0.0,1,0.00,0.0000,0,0,0,0.00,0.0000,0.0,0.0,0,0.0,0.0,1.08,0,0
55348,0.30,-0.05,0.94,0.20,0.00,0.98,1009.84,49.09,0.00,0.00,0.00,0.00,0.0000,0.0000,0.0000,0.0000,IDLE,0.0,1,0.00,0.0000,0,0,0,0.00,0.0000,0.0,0.0,0,0.0,0.0,1.08,0,0
55398,0.30,-0.05,0.93,0.20,0.00,1.03,1009.87,49.08,0.00,0.00,0.00,0.00,0.0000,0.0000,0.0000,0.0000,IDLE,0.0,1,0.00,0.0000,0,0,0,0.00,0.0000,0.0,0.0,0,0.0,0.0,1.08,0,0
55447,0.31,-0.05,0.94,0.20,0.00,0.98,1009.81,49.08,0.00,0.00,0.00,0.00,0.0000,0.0000,0.0000,0.0000,IDLE,0.0,1,0.00,0.0000,0,0,0,0.00,0.0000,0.0,0.0,0,0.0,0.0,1.08,0,0
55498,0.30,-0.05,0.94,0.20,0.05,1.08,1009.83,49.08,0.00,0.00,0.00,0.00,0.0000,0.0000,0.0000,0.0000,IDLE,0.0,1,0.00,0.0000,0,0,0,0.00,0.0000,0.0,0.0,0,0.0,0.0,1.08,0,0
55548,0.30,-0.05,0.94,0.20,0.05,1.03,1009.87,49.08,0.00,0.00,0.00,0.00,0.0000,0.0000,0.0000,0.0000,IDLE,0.0,1,0.00,0.0000,0,0,0,0.00,0.0000,0.0,0.0,0,0.0,0.0,1.08,0,0
55598,0.32,-0.05,0.94,0.20,0.05,1.03,1009.88,49.07,0.00,0.00,0.00,0.00,0.0000,0.0000,0.0000,0.0000,IDLE,0.0,1,0.00,0.0000,0,0,0,0.00,0.0000,0.0,0.0,0,0.0,0.0,1.08,0,0
55648,0.30,-0.05,0.94,0.20,0.00,1.03,1009.82,49.07,0.00,0.00,0.00,0.00,0.0000,0.0000,0.0000,0.0000,IDLE,0.0,1,0.00,0.0000,0,0,0,0.00,0.0000,0.0,0.0,0,0.0,0.0,1.08,0,0
55698,0.31,-0.04,0.94,0.24,0.05,1.03,1009.84,49.07,0.00,0.00,0.00,0.00,0.0000,0.0000,0.0000,0.0000,IDLE,0.0,1,0.00,0.0000,0,0,0,0.00,0.0000,0.0,0.0,0,0.0,0.0,1.08,0,0
55748,0.31,-0.05,0.94,0.20,0.05,0.98,1009.83,49.07,0.00,0.00,0.00,0.00,0.0000,0.0000,0.0000,0.0000,IDLE,0.0,1,0.00,0.0000,0,0,0,0.00,0.0000,0.0,0.0,0,0.0,0.0,1.08,0,0
55798,0.31,-0.04,0.94,0.20,0.05,0.98,1009.86,49.07,0.00,0.00,0.00,0.00,0.0000,0.0000,0.0000,0.0000,IDLE,0.0,1,0.00,0.0000,0,0,0,0.00,0.0000,0.0,0.0,0,0.0,0.0,1.08,0,0
55848,0.31,-0.05,0.94,0.20,0.05,0.93,1009.84,49.07,0.00,0.00,0.00,0.00,0.0000,0.0000,0.0000,0.0000,IDLE,0.0,1,0.00,0.0000,0,0,0,0.00,0.0000,0.0,0.0,0,0.0,0.0,1.08,0,0
55898,0.30,-0.05,0.94,0.20,0.05,1.03,1009.83,49.07,0.00,0.00,0.00,0.00,0.0000,0.0000,0.0000,0.0000,IDLE,0.0,1,0.00,0.0000,0,0,0,0.00,0.0000,0.0,0.0,0,0.0,0.0,1.08,0,0
55948,0.31,-0.04,0.94,0.20,0.05,0.93,1009.80,49.06,0.00,0.00,0.00,0.00,0.0000,0.0000,0.0000,0.0000,IDLE,0.0,1,0.00,0.0000,0,0,0,0.00,0.0000,0.0,0.0,0,0.0,0.0,1.08,0,0
55998,0.30,-0.05,0.94,0.20,0.00,0.98,1009.84,49.06,0.00,0.00,0.00,0.00,0.0000,0.0000,0.0000,0.0000,IDLE,0.0,1,0.00,0.0000,0,0,0,0.00,0.0000,0.0,0.0,0,0.0,0.0,1.08,0,0
56048,0.31,-0.05,0.94,0.15,0.05,0.98,1009.83,49.06,0.00,0.00,0.00,0.00,0.0000,0.0000,0.0000,0.0000,IDLE,0.0,1,0.00,0.0000,0,0,0,0.00,0.0000,0.0,0.0,0,0.0,0.0,1.08,0,0
56098,0.30,-0.05,0.95,0.20,0.05,1.03,1009.86,49.06,0.00,0.00,0.00,0.00,0.0000,0.0000,0.0000,0.0000,IDLE,0.0,1,0.00,0.0000,0,0,0,0.00,0.0000,0.0,0.0,0,0.0,0.0,1.08,0,0
56148,0.31,-0.05,0.94,0.20,0.00,0.98,1009.90,49.07,0.00,0.00,0.00,0.00,0.0000,0.0000,0.0000,0.0000,IDLE,0.0,1,0.00,0.0000,0,0,0,0.00,0.0000,0.0,0.0,0,0.0,0.0,1.08,0,0
56198,0.31,-0.05,0.94,0.20,0.00,0.98,1009.87,49.06,0.00,0.00,0.00,0.00,0.0000,0.0000,0.0000,0.0000,IDLE,0.0,1,0.00,0.0000,0,0,0,0.00,0.0000,0.0,0.0,0,0.0,0.0,1.08,0,0
56248,0.30,-0.05,0.94,0.15,0.05,1.03,1009.82,49.06,0.00,0.00,0.00,0.00,0.0000,0.0000,0.0000,0.0000,IDLE,0.0,1,0.00,0.0000,0,0,0,0.00,0.0000,0.0,0.0,0,0.0,0.0,1.08,0,0
56298,0.30,-0.05,0.94,0.20,0.05,0.98,1009.87,49.06,0.00,0.00,0.00,0.00,0.0000,0.0000,0.0000,0.0000,IDLE,0.0,1,0.00,0.0000,0,0,0,0.00,0.0000,0.0,0.0,0,0.0,0.0,1.08,0,0
56348,0.30,-0.05,0.94,0.20,0.05,0.93,1009.84,49.05,0.00,0.00,0.00,0.00,0.0000,0.0000,0.0000,0.0000,IDLE,0.0,1,0.00,0.0000,0,0,0,0.00,0.0000,0.0,0.0,0,0.0,0.0,1.08,0,0
56398,0.31,-0.05,0.95,0.15,0.05,1.03,1009.81,49.05,0.00,0.00,0.00,0.00,0.0000,0.0000,0.0000,0.0000,IDLE,0.0,1,0.00,0.0000,0,0,0,0.00,0.0000,0.0,0.0,0,0.0,0.0,1.08,0,0
56448,0.30,-0.05,0.94,0.20,0.05,1.03,1009.79,49.05,0.00,0.00,0.00,0.00,0.0000,0.0000,0.0000,0.0000,IDLE,0.0,1,0.00,0.0000,0,0,0,0.00,0.0000,0.0,0.0,0,0.0,0.0,1.08,0,0
56498,0.31,-0.06,0.94,0.24,0.00,0.98,1009.81,49.05,0.00,0.00,0.00,0.00,0.0000,0.0000,0.0000,0.0000,IDLE,0.0,1,0.00,0.0000,0,0,0,0.00,0.0000,0.0,0.0,0,0.0,0.0,1.08,0,0
56548,0.30,-0.05,0.94,0.20,0.00,0.98,1009.86,49.05,0.00,0.00,0.00,0.00,0.0000,0.0000,0.0000,0.0000,IDLE,0.0,1,0.00,0.0000,0,0,0,0.00,0.0000,0.0,0.0,0,0.0,0.0,1.08,0,0
56598,0.30,-0.04,0.94,0.24,0.05,1.08,1009.82,49.05,0.00,0.00,0.00,0.00,0.0000,0.0000,0.0000,0.0000,IDLE,0.0,1,0.00,0.0000,0,0,0,0.00,0.0000,0.0,0.0,0,0.0,0.0,1.08,0,0
56648,0.30,-0.04,0.94,0.15,0.05,1.03,1009.85,49.05,0.00,0.00,0.00,0.00,0.0000,0.0000,0.0000,0.0000,IDLE,0.0,1,0.00,0.0000,0,0,0,0.00,0.0000,0.0,0.0,0,0.0,0.0,1.08,0,0
56698,0.31,-0.04,0.94,0.15,0.05,0.98,1009.88,49.05,0.00,0.00,0.00,0.00,0.0000,0.0000,0.0000,0.0000,IDLE,0.0,1,0.00,0.0000,0,0,0,0.00,0.0000,0.0,0.0,0,0.0,0.0,1.08,0,0
56748,0.31,-0.05,0.94,0.20,0.05,1.03,1009.87,49.05,0.00,0.00,0.00,0.00,0.0000,0.0000,0.0000,0.0000,IDLE,0.0,1,0.00,0.0000,0,0,0,0.00,0.0000,0.0,0.0,0,0.0,0.0,1.08,0,0
56798,0.31,-0.04,0.94,0.20,0.05,0.98,1009.87,49.04,0.00,0.00,0.00,0.00,0.0000,0.0000,0.0000,0.0000,IDLE,0.0,1,0.00,0.0000,0,0,0,0.00,0.0000,0.0,0.0,0,0.0,0.0,1.08,0,0
56848,0.31,-0.05,0.94,0.20,0.05,0.98,1009.85,49.04,0.00,0.00,0.00,0.00,0.0000,0.0000,0.0000,0.0000,IDLE,0.0,1,0.00,0.0000,0,0,0,0.00,0.0000,0.0,0.0,0,0.0,0.0,1.08,0,0
56898,0.30,-0.05,0.94,0.15,0.05,0.93,1009.82,49.04,0.00,0.00,0.00,0.00,0.0000,0.0000,0.0000,0.0000,IDLE,0.0,1,0.00,0.0000,0,0,0,0.00,0.0000,0.0,0.0,0,0.0,0.0,1.08,0,0
56948,0.31,-0.05,0.94,0.15,0.05,1.03,1009.81,49.04,0.00,0.00,0.00,0.00,0.0000,0.0000,0.0000,0.0000,IDLE,0.0,1,0.00,0.0000,0,0,0,0.00,0.0000,0.0,0.0,0,0.0,0.0,1.08,0,0
56998,0.31,-0.05,0.94,0.20,0.00,1.03,1009.84,49.04,0.00,0.00,0.00,0.00,0.0000,0.0000,0.0000,0.0000,IDLE,0.0,1,0.00,0.0000,0,0,0,0.00,0.0000,0.0,0.0,0,0.0,0.0,1.08,0,0
57048,0.30,-0.04,0.95,0.20,0.00,1.03,1009.83,49.04,0.00,0.00,0.00,0.00,0.0000,0.0000,0.0000,0.0000,IDLE,0.0,1,0.00,0.0000,0,0,0,0.00,0.0000,0.0,0.0,0,0.0,0.0,1.08,0,0
57098,0.31,-0.05,0.94,0.20,0.05,1.03,1009.83,49.04,0.00,0.00,0.00,0.00,0.0000,0.0000,0.0000,0.0000,IDLE,0.0,1,0.00,0.0000,0,0,0,0.00,0.0000,0.0,0.0,0,0.0,0.0,1.08,0,0
57148,0.31,-0.05,0.94,0.20,0.05,0.98,1009.82,49.04,0.00,0.00,0.00,0.00,0.0000,0.0000,0.0000,0.0000,IDLE,0.0,1,0.00,0.0000,0,0,0,0.00,0.0000,0.0,0.0,0,0.0,0.0,1.08,0,0
57198,0.31,-0.05,0.95,0.15,0.05,1.03,1009.84,49.04,0.00,0.00,0.00,0.00,0.0000,0.0000,0.0000,0.0000,IDLE,0.0,1,0.00,0.0000,0,0,0,0.00,0.0000,0.0,0.0,0,0.0,0.0,1.08,0,0
57248,0.31,-0.05,0.94,0.20,0.05,1.08,1009.83,49.03,0.00,0.00,0.00,0.00,0.0000,0.0000,0.0000,0.0000,IDLE,0.0,1,0.00,0.0000,0,0,0,0.00,0.0000,0.0,0.0,0,0.0,0.0,1.08,0,0
57298,0.31,-0.05,0.94,0.24,0.00,0.98,1009.85,49.04,0.00,0.00,0.00,0.00,0.0000,0.0000,0.0000,0.0000,IDLE,0.0,1,0.00,0.0000,0,0,0,0.00,0.0000,0.0,0.0,0,0.0,0.0,1.08,0,0
57348,0.31,-0.05,0.94,0.24,0.05,0.98,1009.82,49.03,0.00,0.00,0.00,0.00,0.0000,0.0000,0.0000,0.0000,IDLE,0.0,1,0.00,0.0000,0,0,0,0.00,0.0000,0.0,0.0,0,0.0,0.0,1.08,0,0
57398,0.31,-0.06,0.94,0.20,0.00,0.98,1009.82,49.03,0.00,0.00,0.00,0.00,0.0000,0.0000,0.0000,0.0000,IDLE,0.0,1,0.00,0.0000,0,0,0,0.00,0.0000,0.0,0.0,0,0.0,0.0,1.08,0,0
57448,0.31,-0.05,0.94,0.20,0.05,0.98,1009.83,49.03,0.00,0.00,0.00,0.00,0.0000,0.0000,0.0000,0.0000,IDLE,0.0,1,0.00,0.0000,0,0,0,0.00,0.0000,0.0,0.0,0,0.0,0.0,1.08,0,0
57498,0.30,-0.04,0.94,0.15,0.00,1.03,1009.80,49.03,0.00,0.00,0.00,0.00,0.0000,0.0000,0.0000,0.0000,IDLE,0.0,1,0.00,0.0000,0,0,0,0.00,0.0000,0.0,0.0,0,0.0,0.0,1.08,0,0
57548,0.31,-0.05,0.94,0.20,0.05,1.08,1009.82,49.02,0.00,0.00,0.00,0.00,0.0000,0.0000,0.0000,0.0000,IDLE,0.0,1,0.00,0.0000,0,0,0,0.00,0.0000,0.0,0.0,0,0.0,0.0,1.08,0,0
57598,0.30,-0.05,0.94,0.20,0.05,1.03,1009.85,49.02,0.00,0.00,0.00,0.00,0.0000,0.0000,0.0000,0.0000,IDLE,0.0,1,0.00,0.0000,0,0,0,0.00,0.0000,0.0,0.0,0,0.0,0.0,1.08,0,0
57648,0.31,-0.05,0.95,0.20,0.00,1.03,1009.81,49.02,0.00,0.00,0.00,0.00,0.0000,0.0000,0.0000,0.0000,IDLE,0.0,1,0.00,0.0000,0,0,0,0.00,0.0000,0.0,0.0,0,0.0,0.0,1.08,0,0
57698,0.30,-0.05,0.94,0.15,0.00,1.03,1009.84,49.02,0.00,0.00,0.00,0.00,0.0000,0.0000,0.0000,0.0000,IDLE,0.0,1,0.00,0.0000,0,0,0,0.00,0.0000,0.0,0.0,0,0.0,0.0,1.08,0,0
57748,0.30,-0.05,0.94,0.20,0.05,0.98,1009.82,49.02,0.00,0.00,0.00,0.00,0.0000,0.0000,0.0000,0.0000,IDLE,0.0,1,0.00,0.0000,0,0,0,0.00,0.0000,0.0,0.0,0,0.0,0.0,1.08,0,0
57798,0.30,-0.05,0.94,0.20,0.05,1.03,1009.79,49.02,0.00,0.00,0.00,0.00,0.0000,0.0000,0.0000,0.0000,IDLE,0.0,1,0.00,0.0000,0,0,0,0.00,0.0000,0.0,0.0,0,0.0,0.0,1.08,0,0
57848,0.31,-0.05,0.94,0.15,0.05,0.98,1009.76,49.01,0.00,0.00,0.00,0.00,0.0000,0.0000,0.0000,0.0000,IDLE,0.0,1,0.00,0.0000,0,0,0,0.00,0.0000,0.0,0.0,0,0.0,0.0,1.08,0,0
57898,0.30,-0.05,0.94,0.20,0.00,0.98,1009.79,49.02,0.00,0.00,0.00,0.00,0.0000,0.0000,0.0000,0.0000,IDLE,0.0,1,0.00,0.0000,0,0,0,0.00,0.0000,0.0,0.0,0,0.0,0.0,1.08,0,0
57948,0.31,-0.04,0.94,0.15,0.05,0.98,1009.81,49.01,0.00,0.00,0.00,0.00,0.0000,0.0000,0.0000,0.0000,IDLE,0.0,1,0.00,0.0000,0,0,0,0.00,0.0000,0.0,0.0,0,0.0,0.0,1.08,0,0
57998,0.30,-0.05,0.94,0.20,0.00,0.98,1009.80,49.01,0.00,0.00,0.00,0.00,0.0000,0.0000,0.0000,0.0000,IDLE,0.0,1,0.00,0.0000,0,0,0,0.00,0.0000,0.0,0.0,0,0.0,0.0,1.08,0,0
58048,0.30,-0.05,0.94,0.20,0.00,0.98,1009.84,49.01,0.00,0.00,0.00,0.00,0.0000,0.0000,0.0000,0.0000,IDLE,0.0,1,0.00,0.0000,0,0,0,0.00,0.0000,0.0,0.0,0,0.0,0.0,1.08,0,0
58098,0.31,-0.05,0.94,0.15,0.00,1.03,1009.86,49.01,0.00,0.00,0.00,0.00,0.0000,0.0000,0.0000,0.0000,IDLE,0.0,1,0.00,0.0000,0,0,0,0.00,0.0000,0.0,0.0,0,0.0,0.0,1.08,0,0
58148,0.31,-0.06,0.94,0.20,0.05,1.08,1009.85,49.00,0.00,0.00,0.00,0.00,0.0000,0.0000,0.0000,0.0000,IDLE,0.0,1,0.00,0.0000,0,0,0,0.00,0.0000,0.0,0.0,0,0.0,0.0,1.08,0,0
58198,0.30,-0.05,0.94,0.20,0.05,0.93,1009.85,49.00,0.00,0.00,0.00,0.00,0.0000,0.0000,0.0000,0.0000,IDLE,0.0,1,0.00,0.0000,0,0,0,0.00,0.0000,0.0,0.0,0,0.0,0.0,1.08,0,0
58248,0.30,-0.05,0.94,0.15,0.05,0.93,1009.88,49.00,0.00,0.00,0.00,0.00,0.0000,0.0000,0.0000,0.0000,IDLE,0.0,1,0.00,0.0000,0,0,0,0.00,0.0000,0.0,0.0,0,0.0,0.0,1.08,0,0
58298,0.31,-0.05,0.94,0.15,0.00,1.03,1009.82,49.00,0.00,0.00,0.00,0.00,0.0000,0.0000,0.0000,0.0000,IDLE,0.0,1,0.00,0.0000,0,0,0,0.00,0.0000,0.0,0.0,0,0.0,0.0,1.08,0,0
58348,0.30,-0.05,0.93,0.20,0.05,0.93,1009.80,49.00,0.00,0.00,0.00,0.00,0.0000,0.0000,0.0000,0.0000,IDLE,0.0,1,0.00,0.0000,0,0,0,0.00,0.0000,0.0,0.0,0,0.0,0.0,1.08,0,0
58398,0.30,-0.06,0.94,0.20,0.00,1.03,1009.86,48.99,0.00,0.00,0.00,0.00,0.0000,0.0000,0.0000,0.0000,IDLE,0.0,1,0.00,0.0000,0,0,0,0.00,0.0000,0.0,0.0,0,0.0,0.0,1.08,0,0
58448,0.31,-0.04,0.94,0.15,0.05,1.03,1009.90,49.00,0.00,0.00,0.00,0.00,0.0000,0.0000,0.0000,0.0000,IDLE,0.0,1,0.00,0.0000,0,0,0,0.00,0.0000,0.0,0.0,0,0.0,0.0,1.08,0,0
58498,0.30,-0.05,0.94,0.24,0.05,1.03,1009.86,49.00,0.00,0.00,0.00,0.00,0.0000,0.0000,0.0000,0.0000,IDLE,0.0,1,0.00,0.0000,0,0,0,0.00,0.0000,0.0,0.0,0,0.0,0.0,1.08,0,0
58548,0.32,-0.05,0.94,0.15,0.00,1.08,1009.84,48.99,0.00,0.00,0.00,0.00,0.0000,0.0000,0.0000,0.0000,IDLE,0.0,1,0.00,0.0000,0,0,0,0.00,0.0000,0.0,0.0,0,0.0,0.0,1.08,0,0
58598,0.31,-0.05,0.94,0.20,0.05,1.03,1009.81,48.99,0.00,0.00,0.00,0.00,0.0000,0.0000,0.0000,0.0000,IDLE,0.0,1,0.00,0.0000,0,0,0,0.00,0.0000,0.0,0.0,0,0.0,0.0,1.08,0,0
58648,0.31,-0.05,0.94,0.20,0.05,1.03,1009.87,48.99,0.00,0.00,0.00,0.00,0.0000,0.0000,0.0000,0.0000,IDLE,0.0,1,0.00,0.0000,0,0,0,0.00,0.0000,0.0,0.0,0,0.0,0.0,1.08,0,0
58698,0.31,-0.05,0.94,0.20,0.05,1.03,1009.80,49.00,0.00,0.00,0.00,0.00,0.0000,0.0000,0.0000,0.0000,IDLE,0.0,1,0.00,0.0000,0,0,0,0.00,0.0000,0.0,0.0,0,0.0,0.0,1.08,0,0
58748,0.30,-0.05,0.94,0.15,0.05,0.93,1009.85,48.99,0.00,0.00,0.00,0.00,0.0000,0.0000,0.0000,0.0000,IDLE,0.0,1,0.00,0.0000,0,0,0,0.00,0.0000,0.0,0.0,0,0.0,0.0,1.08,0,0
58798,0.31,-0.05,0.94,0.20,0.05,0.98,1009.84,48.99,0.00,0.00,0.00,0.00,0.0000,0.0000,0.0000,0.0000,IDLE,0.0,1,0.00,0.0000,0,0,0,0.00,0.0000,0.0,0.0,0,0.0,0.0,1.08,0,0
58848,0.30,-0.05,0.94,0.20,0.05,0.93,1009.80,48.98,0.00,0.00,0.00,0.00,0.0000,0.0000,0.0000,0.0000,IDLE,0.0,1,0.00,0.0000,0,0,0,0.00,0.0000,0.0,0.0,0,0.0,0.0,1.08,0,0
58898,0.30,-0.05,0.94,0.20,0.05,0.93,1009.81,48.98,0.00,0.00,0.00,0.00,0.0000,0.0000,0.0000,0.0000,IDLE,0.0,1,0.00,0.0000,0,0,0,0.00,0.0000,0.0,0.0,0,0.0,0.0,1.08,0,0
58948,0.31,-0.05,0.94,0.20,0.00,1.03,1009.81,48.98,0.00,0.00,0.00,0.00,0.0000,0.0000,0.0000,0.0000,IDLE,0.0,1,0.00,0.0000,0,0,0,0.00,0.0000,0.0,0.0,0,0.0,0.0,1.08,0,0
58998,0.31,-0.06,0.95,0.20,0.05,0.98,1009.82,48.98,0.00,0.00,0.00,0.00,0.0000,0.0000,0.0000,0.0000,IDLE,0.0,1,0.00,0.0000,0,0,0,0.00,0.0000,0.0,0.0,0,0.0,0.0,1.08,0,0
59048,0.30,-0.04,0.94,0.15,0.05,1.03,1009.84,48.98,0.00,0.00,0.00,0.00,0.0000,0.0000,0.0000,0.0000,IDLE,0.0,1,0.00,0.0000,0,0,0,0.00,0.0000,0.0,0.0,0,0.0,0.0,1.08,0,0
59098,0.31,-0.05,0.94,0.15,0.05,1.03,1009.82,48.98,0.00,0.00,0.00,0.00,0.0000,0.0000,0.0000,0.0000,IDLE,0.0,1,0.00,0.0000,0,0,0,0.00,0.0000,0.0,0.0,0,0.0,0.0,1.08,0,0
59148,0.30,-0.05,0.94,0.20,0.05,0.98,1009.84,48.98,0.00,0.00,0.00,0.00,0.0000,0.0000,0.0000,0.0000,IDLE,0.0,1,0.00,0.0000,0,0,0,0.00,0.0000,0.0,0.0,0,0.0,0.0,1.08,0,0
59198,0.31,-0.05,0.94,0.15,0.05,1.03,1009.83,48.98,0.00,0.00,0.00,0.00,0.0000,0.0000,0.0000,0.0000,IDLE,0.0,1,0.00,0.0000,0,0,0,0.00,0.0000,0.0,0.0,0,0.0,0.0,1.08,0,0
59248,0.30,-0.05,0.94,0.20,0.10,1.03,1009.88,48.98,0.00,0.00,0.00,0.00,0.0000,0.0000,0.0000,0.0000,IDLE,0.0,1,0.00,0.0000,0,0,0,0.00,0.0000,0.0,0.0,0,0.0,0.0,1.08,0,0
59298,0.30,-0.04,0.94,0.15,0.05,1.03,1009.88,48.97,0.00,0.00,0.00,0.00,0.0000,0.0000,0.0000,0.0000,IDLE,0.0,1,0.00,0.0000,0,0,0,0.00,0.0000,0.0,0.0,0,0.0,0.0,1.08,0,0
59348,0.30,-0.05,0.95,0.20,0.00,0.98,1009.85,48.97,0.00,0.00,0.00,0.00,0.0000,0.0000,0.0000,0.0000,IDLE,0.0,1,0.00,0.0000,0,0,0,0.00,0.0000,0.0,0.0,0,0.0,0.0,1.08,0,0
59398,0.30,-0.05,0.94,0.15,0.05,0.98,1009.90,48.97,0.00,0.00,0.00,0.00,0.0000,0.0000,0.0000,0.0000,IDLE,0.0,1,0.00,0.0000,0,0,0,0.00,0.0000,0.0,0.0,0,0.0,0.0,1.08,0,0
59448,0.31,-0.04,0.95,0.20,0.05,1.03,1009.84,48.97,0.00,0.00,0.00,0.00,0.0000,0.0000,0.0000,0.0000,IDLE,0.0,1,0.00,0.0000,0,0,0,0.00,0.0000,0.0,0.0,0,0.0,0.0,1.08,0,0
59498,0.30,-0.05,0.94,0.20,0.05,0.98,1009.83,48.97,0.00,0.00,0.00,0.00,0.0000,0.0000,0.0000,0.0000,IDLE,0.0,1,0.00,0.0000,0,0,0,0.00,0.0000,0.0,0.0,0,0.0,0.0,1.08,0,0
59548,0.31,-0.05,0.94,0.15,0.05,1.03,1009.86,48.96,0.00,0.00,0.00,0.00,0.0000,0.0000,0.0000,0.0000,IDLE,0.0,1,0.00,0.0000,0,0,0,0.00,0.0000,0.0,0.0,0,0.0,0.0,1.08,0,0
59598,0.30,-0.05,0.94,0.24,0.05,0.98,1009.80,48.96,0.00,0.00,0.00,0.00,0.0000,0.0000,0.0000,0.0000,IDLE,0.0,1,0.00,0.0000,0,0,0,0.00,0.0000,0.0,0.0,0,0.0,0.0,1.08,0,0
59648,0.31,-0.05,0.94,0.20,0.05,0.93,1009.86,48.96,0.00,0.00,0.00,0.00,0.0000,0.0000,0.0000,0.0000,IDLE,0.0,1,0.00,0.0000,0,0,0,0.00,0.0000,0.0,0.0,0,0.0,0.0,1.08,0,0
59698,0.31,-0.05,0.94,0.15,0.05,1.03,1009.83,48.96,0.00,0.00,0.00,0.00,0.0000,0.0000,0.0000,0.0000,IDLE,0.0,1,0.00,0.0000,0,0,0,0.00,0.0000,0.0,0.0,0,0.0,0.0,1.08,0,0
59748,0.30,-0.05,0.94,0.20,0.05,1.03,1009.81,48.96,0.00,0.00,0.00,0.00,0.0000,0.0000,0.0000,0.0000,IDLE,0.0,1,0.00,0.0000,0,0,0,0.00,0.0000,0.0,0.0,0,0.0,0.0,1.08,0,0
59798,0.31,-0.05,0.95,0.20,0.05,1.03,1009.82,48.96,0.00,0.00,0.00,0.00,0.0000,0.0000,0.0000,0.0000,IDLE,0.0,1,0.00,0.0000,0,0,0,0.00,0.0000,0.0,0.0,0,0.0,0.0,1.08,0,0
59848,0.31,-0.05,0.94,0.24,0.00,1.08,1009.88,48.95,0.00,0.00,0.00,0.00,0.0000,0.0000,0.0000,0.0000,IDLE,0.0,1,0.00,0.0000,0,0,0,0.00,0.0000,0.0,0.0,0,0.0,0.0,1.08,0,0
59898,0.31,-0.05,0.94,0.20,0.05,0.98,1009.87,48.96,0.00,0.00,0.00,0.00,0.0000,0.0000,0.0000,0.0000,IDLE,0.0,1,0.00,0.0000,0,0,0,0.00,0.0000,0.0,0.0,0,0.0,0.0,1.08,0,0
59948,0.31,-0.05,0.95,0.20,0.05,0.93,1009.79,48.95,0.00,0.00,0.00,0.00,0.0000,0.0000,0.0000,0.0000,IDLE,0.0,1,0.00,0.0000,0,0,0,0.00,0.0000,0.0,0.0,0,0.0,0.0,1.08,0,0
59998,0.30,-0.05,0.94,0.20,0.00,1.03,1009.82,48.95,0.00,0.00,0.00,0.00,0.0000,0.0000,0.0000,0.0000,IDLE,0.0,1,0.00,0.0000,0,0,0,0.00,0.0000,0.0,0.0,0,0.0,0.0,1.08,0,0
60048,0.31,-0.05,0.94,0.20,0.00,0.98,1009.85,48.95,0.00,0.00,0.00,0.00,0.0000,0.0000,0.0000,0.0000,IDLE,0.0,1,0.00,0.0000,0,0,0,0.00,0.0000,0.0,0.0,0,0.0,0.0,1.08,0,0
60098,0.30,-0.05,0.94,0.15,0.05,0.98,1009.78,48.94,0.00,0.00,0.00,0.00,0.0000,0.0000,0.0000,0.0000,IDLE,0.0,1,0.00,0.0000,0,0,0,0.00,0.0000,0.0,0.0,0,0.0,0.0,1.08,0,0
60148,0.31,-0.05,0.94,0.20,0.05,1.08,1009.80,48.94,0.00,0.00,0.00,0.00,0.0000,0.0000,0.0000,0.0000,IDLE,0.0,1,0.00,0.0000,0,0,0,0.00,0.0000,0.0,0.0,0,0.0,0.0,1.08,0,0
60198,0.30,-0.04,0.94,0.20,0.05,1.03,1009.86,48.94,0.00,0.00,0.00,0.00,0.0000,0.0000,0.0000,0.0000,IDLE,0.0,1,0.00,0.0000,0,0,0,0.00,0.0000,0.0,0.0,0,0.0,0.0,1.08,0,0
60248,0.32,-0.05,0.94,0.20,0.00,1.03,1009.86,48.94,0.00,0.00,0.00,0.00,0.0000,0.0000,0.0000,0.0000,IDLE,0.0,1,0.00,0.0000,0,0,0,0.00,0.0000,0.0,0.0,0,0.0,0.0,1.08,0,0
60298,0.31,-0.05,0.94,0.20,0.05,1.08,1009.82,48.93,0.00,0.00,0.00,0.00,0.0000,0.0000,0.0000,0.0000,IDLE,0.0,1,0.00,0.0000,0,0,0,0.00,0.0000,0.0,0.0,0,0.0,0.0,1.08,0,0
60348,0.29,-0.04,0.94,0.20,0.00,0.93,1009.83,48.93,0.00,0.00,0.00,0.00,0.0000,0.0000,0.0000,0.0000,IDLE,0.0,1,0.00,0.0000,0,0,0,0.00,0.0000,0.0,0.0,0,0.0,0.0,1.08,0,0
60398,0.31,-0.04,0.94,0.20,0.00,1.03,1009.91,48.93,0.00,0.00,0.00,0.00,0.0000,0.0000,0.0000,0.0000,IDLE,0.0,1,0.00,0.0000,0,0,0,0.00,0.0000,0.0,0.0,0,0.0,0.0,1.08,0,0
60448,0.31,-0.05,0.94,0.20,0.05,0.98,1009.83,48.93,0.00,0.00,0.00,0.00,0.0000,0.0000,0.0000,0.0000,IDLE,0.0,1,0.00,0.0000,0,0,0,0.00,0.0000,0.0,0.0,0,0.0,0.0,1.08,0,0
60498,0.30,-0.05,0.94,0.20,0.00,0.93,1009.77,48.92,0.00,0.00,0.00,0.00,0.0000,0.0000,0.0000,0.0000,IDLE,0.0,1,0.00,0.0000,0,0,0,0.00,0.0000,0.0,0.0,0,0.0,0.0,1.08,0,0
60548,0.30,-0.05,0.94,0.24,0.05,0.98,1009.80,48.93,0.00,0.00,0.00,0.00,0.0000,0.0000,0.0000,0.0000,IDLE,0.0,1,0.00,0.0000,0,0,0,0.00,0.0000,0.0,0.0,0,0.0,0.0,1.08,0,0
60598,0.30,-0.05,0.94,0.15,0.05,1.03,1009.79,48.92,0.00,0.00,0.00,0.00,0.0000,0.0000,0.0000,0.0000,IDLE,0.0,1,0.00,0.0000,0,0,0,0.00,0.0000,0.0,0.0,0,0.0,0.0,1.08,0,0
60648,0.30,-0.04,0.94,0.20,0.05,0.98,1009.85,48.92,0.00,0.00,0.00,0.00,0.0000,0.0000,0.0000,0.0000,IDLE,0.0,1,0.00,0.0000,0,0,0,0.00,0.0000,0.0,0.0,0,0.0,0.0,1.08,0,0
60698,0.30,-0.05,0.94,0.15,0.05,0.93,1009.87,48.92,0.00,0.00,0.00,0.00,0.0000,0.0000,0.0000,0.0000,IDLE,0.0,1,0.00,0.0000,0,0,0,0.00,0.0000,0.0,0.0,0,0.0,0.0,1.08,0,0
60748,0.30,-0.04,0.94,0.15,0.05,0.98,1009.83,48.91,0.00,0.00,0.00,0.00,0.0000,0.0000,0.0000,0.0000,IDLE,0.0,1,0.00,0.0000,0,0,0,0.00,0.0000,0.0,0.0,0,0.0,0.0,1.08,0,0
60798,0.30,-0.05,0.94,0.15,0.05,1.03,1009.81,48.91,0.00,0.00,0.00,0.00,0.0000,0.0000,0.0000,0.0000,IDLE,0.0,1,0.00,0.0000,0,0,0,0.00,0.0000,0.0,0.0,0,0.0,0.0,1.08,0,0
60848,0.31,-0.04,0.94,0.15,0.05,1.03,1009.88,48.91,0.00,0.00,0.00,0.00,0.0000,0.0000,0.0000,0.0000,IDLE,0.0,1,0.00,0.0000,0,0,0,0.00,0.0000,0.0,0.0,0,0.0,0.0,1.08,0,0
60898,0.31,-0.06,0.95,0.15,0.05,1.03,1009.84,48.91,0.00,0.00,0.00,0.00,0.0000,0.0000,0.0000,0.0000,IDLE,0.0,1,0.00,0.0000,0,0,0,0.00,0.0000,0.0,0.0,0,0.0,0.0,1.08,0,0
60948,0.29,-0.04,0.93,0.20,0.05,1.08,1009.83,48.91,0.00,0.00,0.00,0.00,0.0000,0.0000,0.0000,0.0000,IDLE,0.0,1,0.00,0.0000,0,0,0,0.00,0.0000,0.0,0.0,0,0.0,0.0,1.08,0,0
60998,0.32,-0.05,0.94,0.15,0.05,1.03,1009.89,48.90,0.00,0.00,0.00,0.00,0.0000,0.0000,0.0000,0.0000,IDLE,0.0,1,0.00,0.0000,0,0,0,0.00,0.0000,0.0,0.0,0,0.0,0.0,1.08,0,0
61048,0.30,-0.05,0.95,0.15,0.05,1.03,1009.79,48.91,0.00,0.00,0.00,0.00,0.0000,0.0000,0.0000,0.0000,IDLE,0.0,1,0.00,0.0000,0,0,0,0.00,0.0000,0.0,0.0,0,0.0,0.0,1.08,0,0
61098,0.30,-0.05,0.94,0.20,0.00,1.03,1009.84,48.90,0.00,0.00,0.00,0.00,0.0000,0.0000,0.0000,0.0000,IDLE,0.0,1,0.00,0.0000,0,0,0,0.00,0.0000,0.0,0.0,0,0.0,0.0,1.08,0,0
61148,0.31,-0.04,0.94,0.20,0.00,1.03,1009.84,48.90,0.00,0.00,0.00,0.00,0.0000,0.0000,0.0000,0.0000,IDLE,0.0,1,0.00,0.0000,0,0,0,0.00,0.0000,0.0,0.0,0,0.0,0.0,1.08,0,0
61198,0.30,-0.05,0.94,0.20,0.00,1.03,1009.86,48.90,0.00,0.00,0.00,0.00,0.0000,0.0000,0.0000,0.0000,IDLE,0.0,1,0.00,0.0000,0,0,0,0.00,0.0000,0.0,0.0,0,0.0,0.0,1.08,0,0
61248,0.32,-0.05,0.94,0.15,0.05,1.03,1009.87,48.89,0.00,0.00,0.00,0.00,0.0000,0.0000,0.0000,0.0000,IDLE,0.0,1,0.00,0.0000,0,0,0,0.00,0.0000,0.0,0.0,0,0.0,0.0,1.08,0,0
61298,0.30,-0.05,0.94,0.15,0.05,1.03,1009.86,48.89,0.00,0.00,0.00,0.00,0.0000,0.0000,0.0000,0.0000,IDLE,0.0,1,0.00,0.0000,0,0,0,0.00,0.0000,0.0,0.0,0,0.0,0.0,1.08,0,0
61348,0.30,-0.04,0.93,0.24,0.00,0.93,1009.82,48.90,0.00,0.00,0.00,0.00,0.0000,0.0000,0.0000,0.0000,IDLE,0.0,1,0.00,0.0000,0,0,0,0.00,0.0000,0.0,0.0,0,0.0,0.0,1.08,0,0
61398,0.32,-0.05,0.94,0.10,0.05,1.03,1009.83,48.89,0.00,0.00,0.00,0.00,0.0000,0.0000,0.0000,0.0000,IDLE,0.0,1,0.00,0.0000,0,0,0,0.00,0.0000,0.0,0.0,0,0.0,0.0,1.08,0,0
61447,0.31,-0.06,0.94,0.20,0.05,0.98,1009.81,48.89,0.00,0.00,0.00,0.00,0.0000,0.0000,0.0000,0.0000,IDLE,0.0,1,0.00,0.0000,0,0,0,0.00,0.0000,0.0,0.0,0,0.0,0.0,1.08,0,0
61498,0.30,-0.04,0.94,0.20,0.05,0.98,1009.87,48.89,0.00,0.00,0.00,0.00,0.0000,0.0000,0.0000,0.0000,IDLE,0.0,1,0.00,0.0000,0,0,0,0.00,0.0000,0.0,0.0,0,0.0,0.0,1.08,0,0
61548,0.31,-0.05,0.94,0.15,0.05,0.98,1009.79,48.89,0.00,0.00,0.00,0.00,0.0000,0.0000,0.0000,0.0000,IDLE,0.0,1,0.00,0.0000,0,0,0,0.00,0.0000,0.0,0.0,0,0.0,0.0,1.08,0,0
61598,0.30,-0.05,0.94,0.20,0.00,0.98,1009.79,48.88,0.00,0.00,0.00,0.00,0.0000,0.0000,0.0000,0.0000,IDLE,0.0,1,0.00,0.0000,0,0,0,0.00,0.0000,0.0,0.0,0,0.0,0.0,1.08,0,0
61648,0.30,-0.04,0.94,0.24,0.00,1.03,1009.80,48.89,0.00,0.00,0.00,0.00,0.0000,0.0000,0.0000,0.0000,IDLE,0.0,1,0.00,0.0000,0,0,0,0.00,0.0000,0.0,0.0,0,0.0,0.0,1.08,0,0
61698,0.32,-0.06,0.94,0.20,0.05,0.98,1009.84,48.88,0.00,0.00,0.00,0.00,0.0000,0.0000,0.0000,0.0000,IDLE,0.0,1,0.00,0.0000,0,0,0,0.00,0.0000,0.0,0.0,0,0.0,0.0,1.08,0,0
61748,0.30,-0.04,0.94,0.15,0.05,0.98,1009.84,48.87,0.00,0.00,0.00,0.00,0.0000,0.0000,0.0000,0.0000,IDLE,0.0,1,0.00,0.0000,0,0,0,0.00,0.0000,0.0,0.0,0,0.0,0.0,1.08,0,0
61798,0.30,-0.04,0.95,0.15,0.05,1.03,1009.83,48.87,0.00,0.00,0.00,0.00,0.0000,0.0000,0.0000,0.0000,IDLE,0.0,1,0.00,0.0000,0,0,0,0.00,0.0000,0.0,0.0,0,0.0,0.0,1.08,0,0
61848,0.30,-0.05,0.94,0.24,0.05,1.03,1009.81,48.87,0.00,0.00,0.00,0.00,0.0000,0.0000,0.0000,0.0000,IDLE,0.0,1,0.00,0.0000,0,0,0,0.00,0.0000,0.0,0.0,0,0.0,0.0,1.08,0,0
61898,0.32,-0.05,0.95,0.20,0.05,1.03,1009.80,48.87,0.00,0.00,0.00,0.00,0.0000,0.0000,0.0000,0.0000,IDLE,0.0,1,0.00,0.0000,0,0,0,0.00,0.0000,0.0,0.0,0,0.0,0.0,1.08,0,0
61948,0.30,-0.05,0.94,0.15,0.05,0.98,1009.82,48.87,0.00,0.00,0.00,0.00,0.0000,0.0000,0.0000,0.0000,IDLE,0.0,1,0.00,0.0000,0,0,0,0.00,0.0000,0.0,0.0,0,0.0,0.0,1.08,0,0
61998,0.31,-0.04,0.94,0.20,0.00,1.03,1009.82,48.87,0.00,0.00,0.00,0.00,0.0000,0.0000,0.0000,0.0000,IDLE,0.0,1,0.00,0.0000,0,0,0,0.00,0.0000,0.0,0.0,0,0.0,0.0,1.08,0,0
62048,0.30,-0.05,0.94,0.20,0.05,0.98,1009.83,48.86,0.00,0.00,0.00,0.00,0.0000,0.0000,0.0000,0.0000,IDLE,0.0,1,0.00,0.0000,0,0,0,0.00,0.0000,0.0,0.0,0,0.0,0.0,1.08,0,0
62098,0.31,-0.05,0.94,0.15,0.05,0.98,1009.80,48.86,0.00,0.00,0.00,0.00,0.0000,0.0000,0.0000,0.0000,IDLE,0.0,1,0.00,0.0000,0,0,0,0.00,0.0000,0.0,0.0,0,0.0,0.0,1.08,0,0
62148,0.30,-0.05,0.94,0.20,0.05,0.98,1009.80,48.86,0.00,0.00,0.00,0.00,0.0000,0.0000,0.0000,0.0000,IDLE,0.0,1,0.00,0.0000,0,0,0,0.00,0.0000,0.0,0.0,0,0.0,0.0,1.08,0,0
62198,0.30,-0.04,0.93,0.15,0.05,0.98,1009.79,48.86,0.00,0.00,0.00,0.00,0.0000,0.0000,0.0000,0.0000,IDLE,0.0,1,0.00,0.0000,0,0,0,0.00,0.0000,0.0,0.0,0,0.0,0.0,1.08,0,0
62248,0.31,-0.05,0.94,0.20,0.05,1.03,1009.87,48.86,0.00,0.00,0.00,0.00,0.0000,0.0000,0.0000,0.0000,IDLE,0.0,1,0.00,0.0000,0,0,0,0.00,0.0000,0.0,0.0,0,0.0,0.0,1.08,0,0
62298,0.31,-0.05,0.94,0.20,0.05,0.98,1009.81,48.86,0.00,0.00,0.00,0.00,0.0000,0.0000,0.0000,0.0000,IDLE,0.0,1,0.00,0.0000,0,0,0,0.00,0.0000,0.0,0.0,0,0.0,0.0,1.08,0,0
62348,0.30,-0.05,0.93,0.24,0.00,1.03,1009.84,48.86,0.00,0.00,0.00,0.00,0.0000,0.0000,0.0000,0.0000,IDLE,0.0,1,0.00,0.0000,0,0,0,0.00,0.0000,0.0,0.0,0,0.0,0.0,1.08,0,0
62398,0.31,-0.04,0.95,0.20,0.05,0.98,1009.83,48.86,0.00,0.00,0.00,0.00,0.0000,0.0000,0.0000,0.0000,IDLE,0.0,1,0.00,0.0000,0,0,0,0.00,0.0000,0.0,0.0,0,0.0,0.0,1.08,0,0
62448,0.30,-0.05,0.94,0.20,0.05,0.98,1009.79,48.86,0.00,0.00,0.00,0.00,0.0000,0.0000,0.0000,0.0000,IDLE,0.0,1,0.00,0.0000,0,0,0,0.00,0.0000,0.0,0.0,0,0.0,0.0,1.08,0,0
62498,0.30,-0.04,0.94,0.20,0.00,1.03,1009.80,48.85,0.00,0.00,0.00,0.00,0.0000,0.0000,0.0000,0.0000,IDLE,0.0,1,0.00,0.0000,0,0,0,0.00,0.0000,0.0,0.0,0,0.0,0.0,1.08,0,0
62548,0.31,-0.05,0.95,0.15,0.05,1.03,1009.81,48.86,0.00,0.00,0.00,0.00,0.0000,0.0000,0.0000,0.0000,IDLE,0.0,1,0.00,0.0000,0,0,0,0.00,0.0000,0.0,0.0,0,0.0,0.0,1.08,0,0
62598,0.30,-0.04,0.94,0.20,0.05,0.98,1009.82,48.86,0.00,0.00,0.00,0.00,0.0000,0.0000,0.0000,0.0000,IDLE,0.0,1,0.00,0.0000,0,0,0,0.00,0.0000,0.0,0.0,0,0.0,0.0,1.08,0,0
62648,0.31,-0.05,0.96,0.20,0.05,0.98,1009.86,48.85,0.00,0.00,0.00,0.00,0.0000,0.0000,0.0000,0.0000,IDLE,0.0,1,0.00,0.0000,0,0,0,0.00,0.0000,0.0,0.0,0,0.0,0.0,1.08,0,0
62698,0.30,-0.05,0.94,0.20,0.05,0.93,1009.82,48.85,0.00,0.00,0.00,0.00,0.0000,0.0000,0.0000,0.0000,IDLE,0.0,1,0.00,0.0000,0,0,0,0.00,0.0000,0.0,0.0,0,0.0,0.0,1.08,0,0
62748,0.31,-0.05,0.94,0.15,0.05,0.98,1009.78,48.85,0.00,0.00,0.00,0.00,0.0000,0.0000,0.0000,0.0000,IDLE,0.0,1,0.00,0.0000,0,0,0,0.00,0.0000,0.0,0.0,0,0.0,0.0,1.08,0,0
62798,0.30,-0.04,0.94,0.15,0.05,1.03,1009.81,48.85,0.00,0.00,0.00,0.00,0.0000,0.0000,0.0000,0.0000,IDLE,0.0,1,0.00,0.0000,0,0,0,0.00,0.0000,0.0,0.0,0,0.0,0.0,1.08,0,0
62848,0.31,-0.05,0.94,0.20,0.05,1.08,1009.86,48.84,0.00,0.00,0.00,0.00,0.0000,0.0000,0.0000,0.0000,IDLE,0.0,1,0.00,0.0000,0,0,0,0.00,0.0000,0.0,0.0,0,0.0,0.0,1.08,0,0
62898,0.31,-0.05,0.94,0.15,0.00,0.93,1009.76,48.84,0.00,0.00,0.00,0.00,0.0000,0.0000,0.0000,0.0000,IDLE,0.0,1,0.00,0.0000,0,0,0,0.00,0.0000,0.0,0.0,0,0.0,0.0,1.08,0,0
62948,0.31,-0.05,0.94,0.20,0.00,0.98,1009.88,48.85,0.00,0.00,0.00,0.00,0.0000,0.0000,0.0000,0.0000,IDLE,0.0,1,0.00,0.0000,0,0,0,0.00,0.0000,0.0,0.0,0,0.0,0.0,1.08,0,0
62998,0.31,-0.04,0.94,0.20,0.05,0.98,1009.84,48.85,0.00,0.00,0.00,0.00,0.0000,0.0000,0.0000,0.0000,IDLE,0.0,1,0.00,0.0000,0,0,0,0.00,0.0000,0.0,0.0,0,0.0,0.0,1.08,0,0
63048,0.31,-0.06,0.94,0.15,0.00,0.98,1009.83,48.84,0.00,0.00,0.00,0.00,0.0000,0.0000,0.0000,0.0000,IDLE,0.0,1,0.00,0.0000,0,0,0,0.00,0.0000,0.0,0.0,0,0.0,0.0,1.08,0,0
63098,0.30,-0.05,0.94,0.20,0.05,0.98,1009.85,48.84,0.00,0.00,0.00,0.00,0.0000,0.0000,0.0000,0.0000,IDLE,0.0,1,0.00,0.0000,0,0,0,0.00,0.0000,0.0,0.0,0,0.0,0.0,1.08,0,0
63148,0.31,-0.05,0.93,0.20,0.00,1.03,1009.80,48.84,0.00,0.00,0.00,0.00,0.0000,0.0000,0.0000,0.0000,IDLE,0.0,1,0.00,0.0000,0,0,0,0.00,0.0000,0.0,0.0,0,0.0,0.0,1.08,0,0
63198,0.32,-0.05,0.94,0.20,0.05,1.03,1009.79,48.83,0.00,0.00,0.00,0.00,0.0000,0.0000,0.0000,0.0000,IDLE,0.0,1,0.00,0.0000,0,0,0,0.00,0.0000,0.0,0.0,0,0.0,0.0,1.08,0,0
63248,0.30,-0.05,0.94,0.20,0.05,0.98,1009.80,48.83,0.00,0.00,0.00,0.00,0.0000,0.0000,0.0000,0.0000,IDLE,0.0,1,0.00,0.0000,0,0,0,0.00,0.0000,0.0,0.0,0,0.0,0.0,1.08,0,0
63298,0.31,-0.05,0.94,0.15,0.05,0.93,1009.83,48.83,0.00,0.00,0.00,0.00,0.0000,0.0000,0.0000,0.0000,IDLE,0.0,1,0.00,0.0000,0,0,0,0.00,0.0000,0.0,0.0,0,0.0,0.0,1.08,0,0
63348,0.30,-0.05,0.94,0.15,0.05,0.98,1009.85,48.83,0.00,0.00,0.00,0.00,0.0000,0.0000,0.0000,0.0000,IDLE,0.0,1,0.00,0.0000,0,0,0,0.00,0.0000,0.0,0.0,0,0.0,0.0,1.08,0,0
63398,0.30,-0.04,0.94,0.20,0.05,0.98,1009.82,48.83,0.00,0.00,0.00,0.00,0.0000,0.0000,0.0000,0.0000,IDLE,0.0,1,0.00,0.0000,0,0,0,0.00,0.0000,0.0,0.0,0,0.0,0.0,1.08,0,0
63448,0.31,-0.06,0.94,0.15,0.05,0.98,1009.82,48.83,0.00,0.00,0.00,0.00,0.0000,0.0000,0.0000,0.0000,IDLE,0.0,1,0.00,0.0000,0,0,0,0.00,0.0000,0.0,0.0,0,0.0,0.0,1.08,0,0
63498,0.30,-0.04,0.94,0.15,0.05,1.03,1009.81,48.82,0.00,0.00,0.00,0.00,0.0000,0.0000,0.0000,0.0000,IDLE,0.0,1,0.00,0.0000,0,0,0,0.00,0.0000,0.0,0.0,0,0.0,0.0,1.08,0,0
63548,0.30,-0.05,0.94,0.20,0.05,0.93,1009.77,48.83,0.00,0.00,0.00,0.00,0.0000,0.0000,0.0000,0.0000,IDLE,0.0,1,0.00,0.0000,0,0,0,0.00,0.0000,0.0,0.0,0,0.0,0.0,1.08,0,0
63598,0.31,-0.05,0.95,0.15,0.00,1.03,1009.88,48.83,0.00,0.00,0.00,0.00,0.0000,0.0000,0.0000,0.0000,IDLE,0.0,1,0.00,0.0000,0,0,0,0.00,0.0000,0.0,0.0,0,0.0,0.0,1.08,0,0
63648,0.30,-0.04,0.94,0.20,0.05,1.03,1009.80,48.83,0.00,0.00,0.00,0.00,0.0000,0.0000,0.0000,0.0000,IDLE,0.0,1,0.00,0.0000,0,0,0,0.00,0.0000,0.0,0.0,0,0.0,0.0,1.08,0,0
63698,0.31,-0.05,0.94,0.20,0.05,0.98,1009.78,48.82,0.00,0.00,0.00,0.00,0.0000,0.0000,0.0000,0.0000,IDLE,0.0,1,0.00,0.0000,0,0,0,0.00,0.0000,0.0,0.0,0,0.0,0.0,1.08,0,0
63748,0.31,-0.04,0.94,0.24,0.00,1.03,1009.80,48.82,0.00,0.00,0.00,0.00,0.0000,0.0000,0.0000,0.0000,IDLE,0.0,1,0.00,0.0000,0,0,0,0.00,0.0000,0.0,0.0,0,0.0,0.0,1.08,0,0
63798,0.31,-0.04,0.93,0.24,0.00,1.03,1009.83,48.82,0.00,0.00,0.00,0.00,0.0000,0.0000,0.0000,0.0000,IDLE,0.0,1,0.00,0.0000,0,0,0,0.00,0.0000,0.0,0.0,0,0.0,0.0,1.08,0,0
63848,0.32,-0.05,0.95,0.15,0.00,1.03,1009.83,48.82,0.00,0.00,0.00,0.00,0.0000,0.0000,0.0000,0.0000,IDLE,0.0,1,0.00,0.0000,0,0,0,0.00,0.0000,0.0,0.0,0,0.0,0.0,1.08,0,0
63898,0.30,-0.05,0.94,0.20,0.05,0.93,1009.84,48.82,0.00,0.00,0.00,0.00,0.0000,0.0000,0.0000,0.0000,IDLE,0.0,1,0.00,0.0000,0,0,0,0.00,0.0000,0.0,0.0,0,0.0,0.0,1.08,0,0
63948,0.31,-0.04,0.94,0.20,0.05,0.93,1009.83,48.82,0.00,0.00,0.00,0.00,0.0000,0.0000,0.0000,0.0000,IDLE,0.0,1,0.00,0.0000,0,0,0,0.00,0.0000,0.0,0.0,0,0.0,0.0,1.08,0,0
63998,0.31,-0.06,0.94,0.24,0.00,0.98,1009.82,48.81,0.00,0.00,0.00,0.00,0.0000,0.0000,0.0000,0.0000,IDLE,0.0,1,0.00,0.0000,0,0,0,0.00,0.0000,0.0,0.0,0,0.0,0.0,1.08,0,0
64048,0.30,-0.04,0.94,0.15,0.05,0.98,1009.81,48.82,0.00,0.00,0.00,0.00,0.0000,0.0000,0.0000,0.0000,IDLE,0.0,1,0.00,0.0000,0,0,0,0.00,0.0000,0.0,0.0,0,0.0,0.0,1.08,0,0
64098,0.31,-0.05,0.94,0.15,0.05,1.03,1009.89,48.81,0.00,0.00,0.00,0.00,0.0000,0.0000,0.0000,0.0000,IDLE,0.0,1,0.00,0.0000,0,0,0,0.00,0.0000,0.0,0.0,0,0.0,0.0,1.08,0,0
64148,0.30,-0.05,0.94,0.20,0.05,1.03,1009.89,48.81,0.00,0.00,0.00,0.00,0.0000,0.0000,0.0000,0.0000,IDLE,0.0,1,0.00,0.0000,0,0,0,0.00,0.0000,0.0,0.0,0,0.0,0.0,1.08,0,0
64198,0.30,-0.05,0.94,0.20,0.05,1.03,1009.82,48.81,0.00,0.00,0.00,0.00,0.0000,0.0000,0.0000,0.0000,IDLE,0.0,1,0.00,0.0000,0,0,0,0.00,0.0000,0.0,0.0,0,0.0,0.0,1.08,0,0
64248,0.31,-0.05,0.94,0.24,0.00,1.03,1009.80,48.81,0.00,0.00,0.00,0.00,0.0000,0.0000,0.0000,0.0000,IDLE,0.0,1,0.00,0.0000,0,0,0,0.00,0.0000,0.0,0.0,0,0.0,0.0,1.08,0,0
64298,0.30,-0.05,0.94,0.20,0.05,1.03,1009.87,48.80,0.00,0.00,0.00,0.00,0.0000,0.0000,0.0000,0.0000,IDLE,0.0,1,0.00,0.0000,0,0,0,0.00,0.0000,0.0,0.0,0,0.0,0.0,1.08,0,0
64348,0.30,-0.05,0.94,0.20,0.00,0.98,1009.84,48.81,0.00,0.00,0.00,0.00,0.0000,0.0000,0.0000,0.0000,IDLE,0.0,1,0.00,0.0000,0,0,0,0.00,0.0000,0.0,0.0,0,0.0,0.0,1.08,0,0
64398,0.31,-0.05,0.94,0.20,0.05,1.03,1009.84,48.80,0.00,0.00,0.00,0.00,0.0000,0.0000,0.0000,0.0000,IDLE,0.0,1,0.00,0.0000,0,0,0,0.00,0.0000,0.0,0.0,0,0.0,0.0,1.08,0,0
64447,0.30,-0.05,0.94,0.20,0.00,0.98,1009.81,48.80,0.00,0.00,0.00,0.00,0.0000,0.0000,0.0000,0.0000,IDLE,0.0,1,0.00,0.0000,0,0,0,0.00,0.0000,0.0,0.0,0,0.0,0.0,1.08,0,0
64498,0.30,-0.05,0.94,0.20,0.00,1.03,1009.84,48.80,0.00,0.00,0.00,0.00,0.0000,0.0000,0.0000,0.0000,IDLE,0.0,1,0.00,0.0000,0,0,0,0.00,0.0000,0.0,0.0,0,0.0,0.0,1.08,0,0
64548,0.31,-0.05,0.94,0.15,0.05,0.93,1009.87,48.79,0.00,0.00,0.00,0.00,0.0000,0.0000,0.0000,0.0000,IDLE,0.0,1,0.00,0.0000,0,0,0,0.00,0.0000,0.0,0.0,0,0.0,0.0,1.08,0,0
64598,0.30,-0.05,0.94,0.20,0.05,1.03,1009.79,48.79,0.00,0.00,0.00,0.00,0.0000,0.0000,0.0000,0.0000,IDLE,0.0,1,0.00,0.0000,0,0,0,0.00,0.0000,0.0,0.0,0,0.0,0.0,1.08,0,0
64648,0.31,-0.05,0.94,0.15,0.00,1.03,1009.82,48.79,0.00,0.00,0.00,0.00,0.0000,0.0000,0.0000,0.0000,IDLE,0.0,1,0.00,0.0000,0,0,0,0.00,0.0000,0.0,0.0,0,0.0,0.0,1.08,0,0
64698,0.31,-0.05,0.94,0.20,0.05,1.03,1009.87,48.79,0.00,0.00,0.00,0.00,0.0000,0.0000,0.0000,0.0000,IDLE,0.0,1,0.00,0.0000,0,0,0,0.00,0.0000,0.0,0.0,0,0.0,0.0,1.08,0,0
64748,0.30,-0.04,0.94,0.20,0.05,0.98,1009.77,48.79,0.00,0.00,0.00,0.00,0.0000,0.0000,0.0000,0.0000,IDLE,0.0,1,0.00,0.0000,0,0,0,0.00,0.0000,0.0,0.0,0,0.0,0.0,1.08,0,0
64798,0.30,-0.05,0.94,0.20,0.05,0.98,1009.86,48.79,0.00,0.00,0.00,0.00,0.0000,0.0000,0.0000,0.0000,IDLE,0.0,1,0.00,0.0000,0,0,0,0.00,0.0000,0.0,0.0,0,0.0,0.0,1.08,0,0
64848,0.31,-0.05,0.94,0.20,0.05,1.03,1009.82,48.78,0.00,0.00,0.00,0.00,0.0000,0.0000,0.0000,0.0000,IDLE,0.0,1,0.00,0.0000,0,0,0,0.00,0.0000,0.0,0.0,0,0.0,0.0,1.08,0,0
64898,0.31,-0.04,0.94,0.24,0.05,0.98,1009.83,48.79,0.00,0.00,0.00,0.00,0.0000,0.0000,0.0000,0.0000,IDLE,0.0,1,0.00,0.0000,0,0,0,0.00,0.0000,0.0,0.0,0,0.0,0.0,1.08,0,0
64948,0.31,-0.05,0.94,0.20,0.05,0.98,1009.81,48.78,0.00,0.00,0.00,0.00,0.0000,0.0000,0.0000,0.0000,IDLE,0.0,1,0.00,0.0000,0,0,0,0.00,0.0000,0.0,0.0,0,0.0,0.0,1.08,0,0
64998,0.30,-0.05,0.94,0.20,0.05,0.98,1009.83,48.78,0.00,0.00,0.00,0.00,0.0000,0.0000,0.0000,0.0000,IDLE,0.0,1,0.00,0.0000,0,0,0,0.00,0.0000,0.0,0.0,0,0.0,0.0,1.08,0,0
65048,0.30,-0.04,0.94,0.10,0.05,0.98,1009.89,48.78,0.00,0.00,0.00,0.00,0.0000,0.0000,0.0000,0.0000,IDLE,0.0,1,0.00,0.0000,0,0,0,0.00,0.0000,0.0,0.0,0,0.0,0.0,1.08,0,0
65098,0.31,-0.05,0.94,0.20,0.00,0.93,1009.86,48.78,0.00,0.00,0.00,0.00,0.0000,0.0000,0.0000,0.0000,IDLE,0.0,1,0.00,0.0000,0,0,0,0.00,0.0000,0.0,0.0,0,0.0,0.0,1.08,0,0
65148,0.30,-0.04,0.94,0.20,0.05,0.98,1009.80,48.77,0.00,0.00,0.00,0.00,0.0000,0.0000,0.0000,0.0000,IDLE,0.0,1,0.00,0.0000,0,0,0,0.00,0.0000,0.0,0.0,0,0.0,0.0,1.08,0,0
65198,0.31,-0.05,0.94,0.15,0.05,1.08,1009.84,48.77,0.00,0.00,0.00,0.00,0.0000,0.0000,0.0000,0.0000,IDLE,0.0,1,0.00,0.0000,0,0,0,0.00,0.0000,0.0,0.0,0,0.0,0.0,1.08,0,0
65248,0.31,-0.05,0.94,0.20,0.05,0.98,1009.82,48.77,0.00,0.00,0.00,0.00,0.0000,0.0000,0.0000,0.0000,IDLE,0.0,1,0.00,0.0000,0,0,0,0.00,0.0000,0.0,0.0,0,0.0,0.0,1.08,0,0
65298,0.31,-0.04,0.94,0.15,0.05,0.98,1009.86,48.77,0.00,0.00,0.00,0.00,0.0000,0.0000,0.0000,0.0000,IDLE,0.0,1,0.00,0.0000,0,0,0,0.00,0.0000,0.0,0.0,0,0.0,0.0,1.08,0,0
65348,0.30,-0.05,0.94,0.20,0.05,0.98,1009.81,48.77,0.00,0.00,0.00,0.00,0.0000,0.0000,0.0000,0.0000,IDLE,0.0,1,0.00,0.0000,0,0,0,0.00,0.0000,0.0,0.0,0,0.0,0.0,1.08,0,0
65398,0.30,-0.05,0.94,0.20,0.05,0.98,1009.81,48.76,0.00,0.00,0.00,0.00,0.0000,0.0000,0.0000,0.0000,IDLE,0.0,1,0.00,0.0000,0,0,0,0.00,0.0000,0.0,0.0,0,0.0,0.0,1.08,0,0
65448,0.30,-0.05,0.94,0.20,0.00,0.98,1009.80,48.76,0.00,0.00,0.00,0.00,0.0000,0.0000,0.0000,0.0000,IDLE,0.0,1,0.00,0.0000,0,0,0,0.00,0.0000,0.0,0.0,0,0.0,0.0,1.08,0,0
65498,0.31,-0.05,0.95,0.20,0.05,1.03,1009.82,48.77,0.00,0.00,0.00,0.00,0.0000,0.0000,0.0000,0.0000,IDLE,0.0,1,0.00,0.0000,0,0,0,0.00,0.0000,0.0,0.0,0,0.0,0.0,1.08,0,0
65561,0.31,-0.05,0.94,0.20,0.05,0.98,1009.83,48.76,0.00,0.00,0.00,0.00,0.0000,0.0000,0.0000,0.0000,IDLE,0.0,1,0.00,0.0000,0,0,0,0.00,0.0000,0.0,0.0,0,0.0,0.0,1.08,0,0
